shipment_id,order_date,region,transport_mode,shipment_type,shipment_volume_kg,distance_km,estimated_delivery_days,actual_delivery_days,delivery_delay_days,transportation_cost,handling_cost,fuel_surcharge,total_cost,weather_condition,traffic_level,on_time_delivery,customer_rating
SHP100000,2025-01-01,South,Air,Standard,59.66,601,1.31,4.29,2.98,1721.07,178.98,183.21,2117.94,Adverse,Medium,No,3.4
SHP100001,2025-05-08,West,Road,Standard,27.43,671,13.49,14.17,0.68,322.1,82.29,28.97,400.46,Normal,Medium,No,4.8
SHP100002,2025-01-01,West,Road,Standard,37.26,760,15.2,16.43,1.23,495.56,111.78,42.07,612.55,Normal,High,No,5.0
SHP100003,2025-06-22,East,Road,Standard,38.83,479,10.05,11.08,1.03,325.49,116.49,38.75,424.12,Normal,Medium,No,4.9
SHP100004,2025-09-23,North,Road,Fragile,27.3,658,12.66,13.79,1.13,314.36,191.1,22.25,541.92,Normal,Medium,No,4.2
SHP100005,2025-10-23,North,Air,Express,59.78,1002,1.83,1.4,-0.43,2875.18,179.34,400.04,3460.28,Normal,Low,Yes,5.0
SHP100006,2025-09-13,North,Rail,Standard,34.84,698,8.31,10.33,2.02,279.66,104.52,36.39,409.97,Adverse,Low,No,3.7
SHP100007,2025-06-23,West,Road,Standard,46.54,665,13.21,11.94,-1.27,541.61,139.62,41.79,707.84,Normal,Low,Yes,5.0
SHP100008,2025-02-14,East,Road,Bulk,39.02,853,16.68,18.67,1.99,582.47,156.08,71.33,745.83,Normal,High,No,4.3
SHP100009,2025-12-09,East,Sea,Express,68.67,938,28.57,29.26,0.69,547.51,206.01,62.55,825.04,Normal,Low,No,4.3
SHP100010,2025-05-21,North,Road,Fragile,66.04,628,12.69,13.26,0.57,725.78,462.28,55.6,1232.62,Normal,Medium,No,4.5
SHP100011,2025-01-27,West,Road,Standard,44.51,501,10.66,13.6,2.94,390.24,133.53,33.01,588.14,Adverse,High,No,4.1
SHP100012,2025-08-21,West,Road,Express,70.5,721,14.13,14.03,-0.1,889.53,211.5,86.11,1192.27,Normal,Medium,Yes,5.0
SHP100013,2025-07-28,North,Air,Standard,98.94,271,1.0,1.35,0.35,1287.01,296.82,158.21,1766.75,Normal,Medium,Yes,4.7
SHP100014,2025-02-19,North,Rail,Express,14.08,579,7.6,8.17,0.57,93.75,42.24,11.01,146.75,Normal,Medium,No,4.0
SHP100015,2025-03-02,North,Road,Bulk,37.78,167,4.34,6.33,1.99,110.41,151.12,11.91,279.8,Normal,Medium,No,3.8
SHP100016,2025-08-31,South,Road,Standard,30.4,259,5.72,7.31,1.59,137.79,91.2,17.8,279.37,Normal,Medium,No,5.0
SHP100017,2025-09-26,East,Rail,Standard,35.93,238,3.55,4.62,1.07,98.34,107.79,12.61,212.01,Normal,Medium,No,5.0
SHP100018,2025-05-20,South,Rail,Standard,12.69,1156,13.85,15.15,1.3,168.7,38.07,19.5,242.79,Normal,High,No,5.0
SHP100019,2025-06-06,South,Road,Standard,13.75,655,13.14,13.6,0.46,157.61,41.25,20.62,203.96,Normal,High,Yes,4.9
SHP100020,2025-03-26,East,Sea,Standard,9.07,325,10.6,13.14,2.54,25.06,27.21,2.26,100.0,Normal,High,No,3.7
SHP100021,2025-03-25,North,Road,Standard,39.76,852,16.58,17.58,1.0,592.82,119.28,82.59,850.46,Normal,High,No,5.0
SHP100022,2025-10-03,South,Road,Fragile,39.13,1120,21.64,22.97,1.33,766.95,273.91,88.46,1151.74,Normal,Medium,No,5.0
SHP100023,2025-01-31,South,Sea,Express,106.47,860,26.12,27.02,0.9,778.3,319.41,104.3,1183.06,Normal,Medium,No,4.4
SHP100024,2025-01-08,South,Road,Standard,57.27,586,12.16,13.41,1.25,587.3,171.81,64.11,838.03,Normal,High,No,4.1
SHP100025,2025-10-07,West,Rail,Bulk,69.54,739,8.94,11.46,2.52,590.99,278.16,47.08,871.42,Adverse,Medium,No,3.2
SHP100026,2025-07-22,North,Road,Standard,285.61,1067,20.36,21.92,1.56,5333.05,856.83,580.33,6762.47,Normal,High,No,4.0
SHP100027,2025-02-02,East,Road,Bulk,14.11,502,10.97,12.46,1.49,123.96,56.44,11.58,158.6,Normal,Medium,No,4.6
SHP100028,2025-10-25,East,Sea,Standard,123.64,661,20.43,22.15,1.72,694.67,370.92,85.29,1166.7,Adverse,Medium,No,4.0
SHP100029,2025-05-23,North,Road,Bulk,51.67,564,11.66,12.33,0.67,509.98,206.68,52.44,762.49,Normal,Medium,No,5.0
SHP100030,2025-12-16,East,Sea,Express,41.58,268,9.29,10.55,1.26,94.72,124.74,12.81,242.19,Normal,High,No,5.0
SHP100031,2025-02-06,North,Road,Bulk,38.12,1076,20.81,21.06,0.25,717.8,152.48,86.87,984.25,Normal,Low,Yes,4.9
SHP100032,2025-05-27,North,Road,Bulk,63.35,2015,37.78,37.45,-0.33,2233.88,253.4,271.66,2742.83,Normal,Medium,Yes,5.0
SHP100033,2025-08-16,West,Road,Standard,41.78,402,7.81,7.41,-0.4,293.92,125.34,23.38,427.79,Normal,Medium,Yes,5.0
SHP100034,2025-02-03,West,Rail,Bulk,26.86,1104,12.8,13.69,0.89,341.01,107.44,50.67,497.83,Normal,Low,No,4.3
SHP100035,2025-08-25,West,Road,Standard,38.92,409,8.72,8.11,-0.61,278.57,116.76,37.82,403.03,Normal,Medium,Yes,5.0
SHP100036,2025-07-31,South,Air,Standard,64.33,699,1.0,1.08,0.08,2158.4,192.99,282.77,2633.77,Normal,Medium,Yes,4.7
SHP100037,2025-11-05,North,Road,Standard,76.1,1490,28.31,27.87,-0.44,1984.31,228.3,178.03,2392.09,Normal,Medium,Yes,4.7
SHP100038,2025-05-20,East,Sea,Express,130.42,488,15.61,15.64,0.03,540.98,391.26,58.54,998.79,Normal,Medium,Yes,5.0
SHP100039,2025-07-09,South,Road,Standard,55.94,645,13.14,13.42,0.28,631.42,167.82,45.68,859.6,Normal,Medium,Yes,4.7
SHP100040,2025-04-06,North,Air,Express,102.05,241,1.0,1.08,0.08,1180.51,306.15,128.04,1558.6,Normal,Medium,Yes,5.0
SHP100041,2025-07-13,South,Air,Express,47.5,451,1.33,1.0,-0.33,1028.28,142.5,75.2,1201.0,Normal,Medium,Yes,5.0
SHP100042,2025-12-27,North,Air,Fragile,51.14,228,1.15,1.7,0.55,559.68,357.98,61.44,938.24,Normal,Low,No,4.7
SHP100043,2025-10-31,West,Air,Bulk,49.66,823,1.94,3.46,1.52,1961.77,198.64,232.24,2395.89,Adverse,High,No,4.7
SHP100044,2025-10-23,South,Air,Express,59.59,1027,2.03,1.92,-0.11,2937.55,178.77,279.41,3385.78,Normal,Medium,Yes,4.6
SHP100045,2025-06-01,East,Rail,Standard,83.35,575,7.16,8.15,0.99,551.15,250.05,57.8,779.63,Normal,Medium,No,4.2
SHP100046,2025-08-11,South,Road,Standard,40.82,761,15.07,16.23,1.16,543.62,122.46,75.46,809.69,Normal,Medium,No,4.8
SHP100047,2025-07-15,East,Road,Standard,31.32,543,11.0,10.35,-0.65,297.62,93.96,20.77,342.73,Normal,Medium,Yes,4.3
SHP100048,2025-03-29,East,Sea,Standard,86.91,977,29.69,31.34,1.65,721.74,260.73,94.73,1078.27,Normal,Medium,No,4.3
SHP100049,2025-10-26,North,Rail,Standard,83.63,698,8.7,10.23,1.53,671.3,250.89,50.59,992.5,Adverse,Medium,No,4.6
SHP100050,2025-01-17,West,Air,Standard,110.6,218,1.0,1.0,0.0,1157.32,331.8,73.26,1537.19,Normal,Medium,Yes,5.0
SHP100051,2025-07-30,West,Road,Bulk,37.35,1090,21.35,22.99,1.64,712.45,149.4,54.65,938.9,Adverse,Medium,No,4.9
SHP100052,2025-08-20,West,Road,Express,46.56,525,10.67,11.11,0.44,427.77,139.68,55.12,587.28,Normal,Medium,Yes,4.7
SHP100053,2025-12-24,West,Road,Standard,88.66,323,6.84,8.43,1.59,501.15,265.98,48.34,821.46,Normal,Low,No,4.6
SHP100054,2025-07-02,East,Rail,Express,40.55,511,6.48,5.65,-0.83,238.29,121.65,33.01,316.63,Normal,Medium,Yes,5.0
SHP100055,2025-06-11,West,Road,Standard,74.39,228,5.14,4.87,-0.27,296.82,223.17,31.83,592.87,Adverse,Low,Yes,4.9
SHP100056,2025-03-11,North,Road,Express,47.62,327,7.38,7.59,0.21,272.51,142.86,16.9,432.29,Normal,Low,Yes,5.0
SHP100057,2025-03-01,North,Road,Express,63.17,703,13.77,15.43,1.66,777.15,189.51,96.76,1007.6,Normal,High,No,4.2
SHP100058,2025-06-28,North,Road,Express,26.55,736,14.55,14.99,0.44,341.96,79.65,23.91,467.53,Normal,Medium,Yes,4.9
SHP100059,2025-03-18,South,Rail,Standard,55.55,769,9.58,10.46,0.88,491.26,166.65,64.38,779.41,Normal,Medium,No,4.1
SHP100060,2025-02-04,South,Road,Bulk,7.83,651,12.86,12.65,-0.21,89.2,31.32,6.7,100.0,Normal,Medium,Yes,5.0
SHP100061,2025-01-16,South,Air,Bulk,97.89,444,1.19,4.19,3.0,2086.23,391.56,190.04,2660.47,Adverse,High,No,4.0
SHP100062,2025-10-21,West,Road,Express,79.67,631,12.43,12.93,0.5,879.76,239.01,113.06,1213.81,Normal,Medium,Yes,5.0
SHP100063,2025-06-20,South,Road,Express,30.16,511,10.55,12.36,1.81,269.71,90.48,39.34,372.57,Normal,Medium,No,3.6
SHP100064,2025-02-01,South,Road,Express,124.86,266,6.18,7.03,0.85,581.22,374.58,54.3,979.46,Normal,Medium,No,5.0
SHP100065,2025-09-20,East,Road,Standard,94.72,425,8.92,10.61,1.69,704.48,284.16,94.86,1060.87,Normal,High,No,3.8
SHP100066,2025-08-03,North,Road,Standard,27.27,1060,20.48,20.82,0.34,505.86,81.81,39.04,605.97,Normal,High,Yes,4.8
SHP100067,2025-02-15,West,Road,Standard,39.07,1557,29.62,31.16,1.54,1064.56,117.21,141.21,1310.5,Normal,High,No,3.6
SHP100068,2025-07-08,North,Rail,Express,28.16,930,11.06,10.11,-0.95,301.17,84.48,35.89,406.53,Normal,Low,Yes,5.0
SHP100069,2025-10-01,West,Road,Express,64.12,1519,29.04,30.45,1.41,1704.47,192.36,131.84,2055.31,Normal,Low,No,3.9
SHP100070,2025-03-12,West,Rail,Standard,38.11,681,8.71,9.61,0.9,298.46,114.33,26.03,462.34,Adverse,Low,No,4.4
SHP100071,2025-10-23,North,Air,Bulk,15.88,1695,2.78,3.67,0.89,1292.0,63.52,92.84,1394.69,Adverse,Low,No,4.6
SHP100072,2025-03-29,North,Air,Bulk,51.01,2012,3.94,4.26,0.32,4926.34,204.04,465.38,5574.98,Normal,High,Yes,5.0
SHP100073,2025-11-30,West,Road,Fragile,85.08,251,5.69,6.46,0.77,373.71,595.56,29.27,1042.32,Normal,Low,No,5.0
SHP100074,2025-09-18,East,Road,Express,56.18,734,15.04,16.5,1.46,721.63,168.54,85.12,985.59,Adverse,Low,No,3.3
SHP100075,2025-07-01,West,Road,Bulk,70.81,682,13.53,15.04,1.51,845.12,283.24,126.35,1266.41,Normal,Low,No,4.6
SHP100076,2025-12-08,West,Road,Standard,59.12,515,10.74,11.36,0.62,532.82,177.36,32.55,751.09,Normal,Low,No,4.8
SHP100077,2025-01-22,North,Sea,Fragile,77.91,852,26.02,26.94,0.92,564.22,545.37,61.32,1161.76,Adverse,Low,No,4.3
SHP100078,2025-03-15,South,Road,Standard,62.0,665,13.19,15.09,1.9,721.52,186.0,80.54,986.63,Normal,High,No,3.7
SHP100079,2025-03-31,North,Road,Fragile,49.48,434,9.11,9.22,0.11,375.8,346.36,53.47,761.49,Normal,Medium,Yes,4.9
SHP100080,2025-12-01,West,Rail,Standard,55.8,641,8.28,7.71,-0.57,411.33,167.4,43.41,652.09,Normal,Low,Yes,5.0
SHP100081,2025-06-15,East,Air,Bulk,112.79,1261,2.26,3.05,0.79,6826.95,451.16,743.68,8007.98,Normal,Medium,No,4.8
SHP100082,2025-08-22,South,Rail,Bulk,72.96,719,8.68,8.47,-0.21,603.27,291.84,61.8,952.96,Normal,Medium,Yes,5.0
SHP100083,2025-05-09,North,Road,Standard,30.1,918,17.6,18.45,0.85,483.56,90.3,40.72,640.31,Normal,Low,No,3.5
SHP100084,2025-11-30,South,Road,Express,55.31,558,11.74,13.96,2.22,540.1,165.93,35.13,729.69,Normal,Medium,No,3.8
SHP100085,2025-10-19,South,Road,Bulk,63.51,833,16.23,16.69,0.46,925.82,254.04,89.6,1266.98,Normal,Medium,Yes,4.3
SHP100086,2025-04-05,West,Road,Express,48.58,334,7.57,7.45,-0.12,283.95,145.74,18.38,435.53,Normal,Medium,Yes,5.0
SHP100087,2025-01-28,East,Road,Bulk,15.93,494,10.03,10.63,0.6,137.71,63.72,15.09,213.39,Normal,Medium,No,4.8
SHP100088,2025-12-20,West,Road,Express,31.89,614,12.66,12.21,-0.45,342.66,95.67,30.04,457.01,Normal,Low,Yes,5.0
SHP100089,2025-02-04,South,Road,Standard,41.84,322,7.26,8.67,1.41,235.77,125.52,25.47,368.0,Normal,High,No,4.7
SHP100090,2025-08-19,North,Road,Standard,132.61,412,8.63,8.77,0.14,956.12,397.83,68.92,1398.09,Normal,High,Yes,5.0
SHP100091,2025-11-14,East,Road,Standard,68.75,772,15.05,16.5,1.45,928.81,206.25,133.69,1262.72,Normal,High,No,4.2
SHP100092,2025-12-09,West,Rail,Fragile,20.37,698,8.39,10.62,2.23,163.51,142.59,22.97,364.71,Normal,Low,No,3.8
SHP100093,2025-12-30,East,Rail,Standard,50.3,1013,11.89,11.49,-0.4,585.97,150.9,45.18,803.88,Normal,High,Yes,4.3
SHP100094,2025-05-05,West,Air,Express,103.47,467,1.38,1.65,0.27,2319.38,310.41,210.86,2785.38,Normal,High,Yes,4.9
SHP100095,2025-03-20,South,Road,Express,37.81,671,13.44,14.28,0.84,443.98,113.43,51.15,593.55,Normal,High,No,4.8
SHP100096,2025-03-02,East,Road,Express,90.45,449,9.08,9.51,0.43,710.71,271.35,48.76,1008.48,Normal,Low,Yes,4.8
SHP100097,2025-08-05,South,Road,Bulk,20.76,958,18.56,19.97,1.41,348.04,83.04,31.99,408.39,Normal,Medium,No,4.4
SHP100098,2025-10-09,North,Rail,Bulk,8.6,1251,14.67,16.82,2.15,123.72,34.4,10.22,177.98,Normal,High,No,3.5
SHP100099,2025-06-12,North,Air,Standard,97.63,848,1.17,1.72,0.55,3973.93,292.89,565.87,4829.33,Adverse,Medium,No,4.6
SHP100100,2025-02-26,North,Road,Bulk,40.63,1165,22.33,22.49,0.16,828.34,162.52,113.26,1174.92,Normal,Medium,Yes,4.6
SHP100101,2025-07-10,East,Sea,Fragile,16.35,662,20.6,21.78,1.18,92.0,114.45,10.32,205.08,Normal,High,No,4.8
SHP100102,2025-05-12,South,Road,Express,42.46,1012,19.57,19.92,0.35,751.97,127.38,80.33,932.51,Normal,Medium,Yes,4.9
SHP100103,2025-02-11,East,Road,Bulk,58.82,678,13.59,14.3,0.71,697.9,235.28,100.33,1002.96,Normal,Medium,No,4.4
SHP100104,2025-06-22,West,Air,Standard,67.45,370,1.09,1.29,0.2,1197.91,202.35,172.4,1556.86,Adverse,Medium,Yes,4.8
SHP100105,2025-06-16,North,Air,Standard,10.72,744,1.46,2.31,0.85,382.83,32.16,56.37,492.02,Normal,High,No,4.1
SHP100106,2025-09-07,South,Air,Bulk,36.13,376,1.16,1.92,0.76,652.07,144.52,46.48,867.75,Normal,Low,No,4.5
SHP100107,2025-07-12,West,Air,Express,54.75,2353,4.38,4.28,-0.1,6183.68,164.25,460.38,6910.73,Normal,Medium,Yes,5.0
SHP100108,2025-10-05,North,Road,Bulk,67.37,541,10.66,11.2,0.54,637.83,269.48,77.12,942.19,Normal,Medium,No,4.2
SHP100109,2025-08-26,North,Air,Bulk,29.9,927,1.74,4.6,2.86,1330.43,119.6,144.66,1597.71,Normal,High,No,3.7
SHP100110,2025-08-18,South,Road,Standard,47.18,646,13.53,15.52,1.99,533.37,141.54,32.89,683.85,Normal,Medium,No,3.8
SHP100111,2025-06-14,North,Sea,Bulk,37.74,330,10.97,10.74,-0.23,105.86,150.96,6.94,276.03,Normal,High,Yes,4.5
SHP100112,2025-08-31,West,Road,Express,59.9,229,5.35,6.64,1.29,240.05,179.7,33.59,501.75,Normal,High,No,5.0
SHP100113,2025-03-31,West,Air,Express,95.77,981,1.84,4.17,2.33,4509.62,287.31,623.22,5450.32,Normal,Low,No,4.5
SHP100114,2025-06-28,East,Road,Express,43.78,1524,29.23,30.01,0.78,1167.61,131.34,107.6,1364.29,Normal,Medium,No,4.4
SHP100115,2025-02-27,West,Rail,Bulk,22.92,434,5.39,5.7,0.31,114.39,91.68,16.04,246.07,Normal,Low,Yes,4.7
SHP100116,2025-09-20,West,Road,Standard,35.02,261,6.18,7.63,1.45,159.95,105.06,18.14,209.19,Normal,Medium,No,3.4
SHP100117,2025-05-16,North,Air,Express,124.19,544,1.17,1.74,0.57,3242.85,372.57,429.78,3961.9,Normal,Medium,No,4.0
SHP100118,2025-08-26,West,Road,Fragile,31.96,388,8.07,10.54,2.47,217.01,223.72,21.37,453.38,Normal,High,No,3.4
SHP100119,2025-11-03,East,Road,Fragile,25.63,455,9.41,11.14,1.73,204.08,179.41,14.33,419.19,Normal,High,No,4.2
SHP100120,2025-08-31,West,Road,Fragile,42.28,909,17.72,20.2,2.48,672.57,295.96,66.61,1047.32,Adverse,Low,No,3.8
SHP100121,2025-05-31,West,Road,Standard,50.31,632,12.57,12.91,0.34,556.43,150.93,56.29,830.35,Normal,Low,Yes,5.0
SHP100122,2025-12-12,South,Air,Standard,39.06,412,1.31,2.4,1.09,772.45,117.18,84.65,978.11,Normal,Medium,No,4.8
SHP100123,2025-12-30,North,Road,Standard,20.83,898,17.34,17.39,0.05,327.34,62.49,22.75,408.84,Normal,Medium,Yes,5.0
SHP100124,2025-09-04,North,Sea,Fragile,63.09,938,28.34,28.67,0.33,503.02,441.63,75.06,1060.14,Normal,Low,Yes,4.4
SHP100125,2025-08-07,South,Road,Standard,59.93,540,11.15,10.81,-0.34,566.34,179.79,46.42,779.46,Normal,High,Yes,5.0
SHP100126,2025-01-09,West,Road,Standard,76.38,701,13.98,14.87,0.89,936.99,229.14,72.96,1252.7,Normal,High,No,4.9
SHP100127,2025-10-21,West,Air,Bulk,59.2,865,1.92,3.38,1.46,2457.98,236.8,264.02,2974.52,Normal,Medium,No,4.2
SHP100128,2025-01-13,North,Rail,Standard,118.72,822,9.82,11.39,1.57,1122.26,356.16,121.6,1566.0,Normal,High,No,3.5
SHP100129,2025-09-20,East,Road,Bulk,79.58,665,13.45,13.35,-0.1,926.11,318.32,92.23,1350.22,Normal,Medium,Yes,5.0
SHP100130,2025-08-13,South,Rail,Fragile,71.16,1429,16.84,16.42,-0.42,1169.41,498.12,151.4,1895.41,Normal,Medium,Yes,5.0
SHP100131,2025-08-19,North,Air,Bulk,97.64,896,2.02,2.61,0.59,4199.3,390.56,447.22,5076.86,Normal,Medium,No,3.5
SHP100132,2025-06-27,North,Road,Standard,57.25,507,9.95,10.69,0.74,507.95,171.75,58.35,708.68,Normal,Low,No,5.0
SHP100133,2025-09-04,South,Sea,Standard,47.74,509,16.17,16.99,0.82,206.55,143.22,25.85,457.47,Normal,High,No,4.4
SHP100134,2025-03-08,West,Sea,Fragile,62.7,478,15.38,15.32,-0.06,254.75,438.9,15.86,733.63,Normal,Medium,Yes,5.0
SHP100135,2025-10-24,South,Rail,Bulk,15.46,920,10.92,11.15,0.23,163.57,61.84,18.21,258.47,Normal,Medium,Yes,5.0
SHP100136,2025-06-06,East,Road,Fragile,57.35,461,9.44,10.8,1.36,462.67,401.45,64.58,925.3,Normal,Medium,No,4.3
SHP100137,2025-06-14,East,Rail,Standard,50.28,515,6.35,7.34,0.99,297.78,150.84,18.33,490.85,Normal,Low,No,4.6
SHP100138,2025-07-03,South,Road,Fragile,66.42,1163,22.09,22.58,0.49,1351.81,464.94,130.4,1951.07,Normal,Low,Yes,4.5
SHP100139,2025-07-27,West,Road,Fragile,90.59,722,14.49,16.43,1.94,1144.6,634.13,164.09,1943.51,Normal,Medium,No,4.2
SHP100140,2025-01-16,West,Road,Express,72.28,1257,24.63,26.97,2.34,1589.98,216.84,145.93,1948.09,Adverse,Medium,No,4.9
SHP100141,2025-10-27,South,Road,Fragile,35.08,1008,19.39,21.44,2.05,618.81,245.56,62.68,961.13,Adverse,Medium,No,3.7
SHP100142,2025-11-02,South,Air,Bulk,82.8,340,1.0,2.7,1.7,1351.3,331.2,200.45,1913.15,Normal,Medium,No,4.5
SHP100143,2025-08-29,South,Air,Express,119.64,614,1.35,1.99,0.64,3526.03,358.92,274.82,4154.54,Normal,Medium,No,4.4
SHP100144,2025-08-18,South,Air,Standard,91.85,1120,1.72,1.15,-0.57,4937.86,275.55,325.27,5485.51,Normal,Medium,Yes,5.0
SHP100145,2025-01-18,North,Road,Express,24.14,332,7.06,8.87,1.81,140.25,72.42,19.26,233.2,Normal,Medium,No,5.0
SHP100146,2025-05-27,East,Road,Standard,71.87,819,16.08,17.18,1.1,1030.08,215.61,142.32,1362.88,Normal,High,No,4.7
SHP100147,2025-09-01,East,Road,Standard,26.31,636,12.54,11.39,-1.15,292.83,78.93,30.01,385.2,Normal,Medium,Yes,5.0
SHP100148,2025-02-20,North,Sea,Standard,45.15,248,8.89,8.72,-0.17,95.18,135.45,10.12,236.37,Normal,Medium,Yes,5.0
SHP100149,2025-09-16,South,Road,Standard,65.37,694,13.49,14.18,0.69,793.92,196.11,107.36,1060.27,Adverse,Low,No,5.0
SHP100150,2025-08-26,West,Air,Standard,60.78,410,1.26,1.11,-0.15,1196.15,182.34,151.28,1473.41,Normal,Medium,Yes,4.6
SHP100151,2025-09-03,North,Rail,Standard,90.9,342,4.97,4.61,-0.36,357.51,272.7,29.98,670.41,Normal,Low,Yes,4.5
SHP100152,2025-12-11,North,Road,Fragile,119.95,653,13.17,14.06,0.89,1370.73,839.65,84.33,2295.65,Normal,Medium,No,5.0
SHP100153,2025-11-06,South,Air,Bulk,68.93,225,1.0,3.23,2.23,744.44,275.72,76.81,1096.57,Adverse,Low,No,3.8
SHP100154,2025-02-18,West,Road,Standard,43.23,449,9.43,9.75,0.32,339.68,129.69,46.64,533.89,Normal,Medium,Yes,5.0
SHP100155,2025-10-11,North,Air,Bulk,15.91,2644,4.36,5.53,1.17,2019.17,63.64,283.95,2343.67,Normal,Medium,No,5.0
SHP100156,2025-02-07,East,Sea,Express,103.11,929,27.53,27.33,-0.2,814.21,309.33,118.92,1254.1,Normal,Medium,Yes,5.0
SHP100157,2025-10-11,West,Road,Standard,50.42,400,8.23,9.17,0.94,352.94,151.26,49.12,600.13,Normal,Low,No,5.0
SHP100158,2025-02-01,North,Road,Standard,51.9,1407,26.78,25.8,-0.98,1277.91,155.7,143.39,1568.08,Normal,Low,Yes,5.0
SHP100159,2025-08-31,West,Rail,Express,54.22,377,4.75,5.64,0.89,235.07,162.66,23.51,487.72,Normal,Medium,No,4.3
SHP100160,2025-02-10,South,Sea,Fragile,67.23,479,15.08,17.09,2.01,273.73,470.61,35.51,781.6,Normal,Low,No,3.0
SHP100161,2025-10-19,East,Road,Fragile,68.31,346,7.61,8.57,0.96,413.62,478.17,52.36,914.31,Normal,Medium,No,4.7
SHP100162,2025-04-13,East,Rail,Standard,45.55,748,9.15,9.7,0.55,391.82,136.65,42.49,600.7,Normal,Medium,No,3.7
SHP100163,2025-10-19,East,Rail,Standard,50.15,1380,16.4,18.47,2.07,795.88,150.45,54.01,996.4,Adverse,Medium,No,4.2
SHP100164,2025-04-17,North,Air,Standard,37.37,375,1.05,1.04,-0.01,672.66,112.11,96.42,918.03,Normal,Medium,Yes,5.0
SHP100165,2025-09-03,West,Road,Standard,35.06,209,5.09,8.37,3.28,128.23,105.18,12.95,260.83,Adverse,High,No,3.5
SHP100166,2025-03-28,South,Air,Standard,34.96,1184,2.04,2.64,0.6,1986.85,104.88,184.18,2264.43,Normal,Low,No,4.8
SHP100167,2025-03-07,North,Sea,Standard,49.82,1528,44.82,45.15,0.33,647.06,149.46,75.49,925.24,Normal,Low,Yes,5.0
SHP100168,2025-05-18,North,Road,Fragile,31.17,217,5.04,4.19,-0.85,118.37,218.19,14.28,333.36,Normal,Low,Yes,5.0
SHP100169,2025-11-22,East,Road,Bulk,8.23,837,16.24,15.97,-0.27,120.55,32.92,9.52,100.0,Normal,Low,Yes,5.0
SHP100170,2025-07-19,East,Sea,Standard,42.8,736,22.49,23.88,1.39,267.76,128.4,36.23,463.21,Normal,Low,No,4.4
SHP100171,2025-12-01,North,Road,Bulk,25.04,422,8.61,9.64,1.03,184.92,100.16,15.92,313.25,Normal,Medium,No,3.5
SHP100172,2025-04-03,East,Air,Standard,56.29,302,1.08,1.91,0.83,815.98,168.87,62.67,1092.45,Normal,Medium,No,5.0
SHP100173,2025-12-14,North,Road,Express,37.29,1122,21.42,21.96,0.54,732.19,111.87,70.71,883.91,Normal,Medium,No,4.6
SHP100174,2025-10-05,East,Road,Standard,67.69,717,14.15,14.06,-0.09,849.34,203.07,106.8,1150.56,Normal,Medium,Yes,4.6
SHP100175,2025-01-20,North,Air,Express,26.44,748,1.55,2.22,0.67,949.3,79.32,139.44,1155.46,Normal,Medium,No,4.8
SHP100176,2025-10-16,East,Road,Bulk,17.73,462,9.88,9.36,-0.52,143.35,70.92,19.04,265.99,Normal,Medium,Yes,5.0
SHP100177,2025-03-31,South,Road,Express,50.22,418,9.24,7.96,-1.28,367.36,150.66,53.13,593.93,Normal,Low,Yes,5.0
SHP100178,2025-02-19,West,Road,Standard,41.78,168,4.71,4.52,-0.19,122.83,125.34,8.92,264.62,Normal,Medium,Yes,4.5
SHP100179,2025-01-10,North,Rail,Express,23.76,573,6.85,7.0,0.15,156.57,71.28,10.4,245.99,Normal,Low,Yes,5.0
SHP100180,2025-03-20,South,Road,Standard,79.61,1434,27.18,25.92,-1.26,1997.81,238.83,220.15,2416.5,Normal,Low,Yes,5.0
SHP100181,2025-02-06,North,Road,Bulk,29.16,398,8.3,9.1,0.8,203.1,116.64,17.49,364.14,Normal,Medium,No,4.7
SHP100182,2025-02-28,West,Sea,Express,34.11,281,9.62,10.02,0.4,81.47,102.33,10.96,222.38,Normal,High,Yes,5.0
SHP100183,2025-03-29,West,Road,Express,87.75,826,16.3,16.01,-0.29,1268.43,263.25,152.82,1764.68,Normal,Medium,Yes,5.0
SHP100184,2025-04-14,South,Rail,Express,69.81,914,10.81,11.85,1.04,733.77,209.43,108.13,1067.81,Normal,Low,No,5.0
SHP100185,2025-11-15,East,Road,Express,27.32,471,9.6,10.83,1.23,225.19,81.96,18.67,347.96,Normal,High,No,4.6
SHP100186,2025-10-04,West,Air,Standard,43.92,537,1.0,1.0,0.0,1132.08,131.76,117.42,1397.98,Normal,Medium,Yes,4.8
SHP100187,2025-04-14,East,Road,Fragile,25.72,752,14.21,15.98,1.77,338.48,180.04,35.58,529.71,Adverse,Medium,No,4.9
SHP100188,2025-09-11,East,Sea,Standard,84.35,597,18.23,18.25,0.02,428.03,253.05,34.9,759.71,Normal,High,Yes,5.0
SHP100189,2025-08-18,North,Road,Fragile,84.32,1127,21.91,23.32,1.41,1663.0,590.24,188.1,2439.39,Normal,Medium,No,4.4
SHP100190,2025-12-01,North,Road,Bulk,129.37,2484,46.73,49.06,2.33,5623.71,517.48,561.79,6696.23,Adverse,Low,No,4.1
SHP100191,2025-02-06,West,Road,Fragile,156.15,254,6.16,8.78,2.62,694.09,1093.05,69.55,1851.97,Adverse,Medium,No,3.8
SHP100192,2025-10-28,West,Road,Express,37.04,1278,24.66,26.79,2.13,828.4,111.12,76.75,1013.96,Normal,Medium,No,4.1
SHP100193,2025-05-22,East,Road,Express,77.14,689,13.47,12.32,-1.15,930.12,231.42,57.22,1201.74,Normal,Medium,Yes,5.0
SHP100194,2025-02-12,South,Road,Standard,16.2,1395,26.27,27.55,1.28,395.48,48.6,42.31,493.93,Adverse,Medium,No,4.0
SHP100195,2025-04-26,South,Air,Fragile,58.65,968,1.44,2.27,0.83,2725.11,410.55,245.73,3378.01,Normal,High,No,4.6
SHP100196,2025-12-07,West,Road,Standard,66.62,672,13.27,15.16,1.89,783.45,199.86,47.1,1024.05,Adverse,High,No,4.9
SHP100197,2025-03-25,West,Road,Express,30.1,987,19.17,20.37,1.2,519.9,90.3,45.6,672.95,Normal,High,No,4.1
SHP100198,2025-09-16,West,Rail,Standard,35.72,523,6.36,9.38,3.02,214.84,107.16,18.28,342.93,Normal,High,No,3.5
SHP100199,2025-12-26,West,Air,Standard,84.63,425,1.16,2.31,1.15,1726.45,253.89,164.72,2125.67,Normal,High,No,4.1
SHP100200,2025-03-28,East,Road,Express,67.52,1015,19.82,19.76,-0.06,1199.32,202.56,86.19,1461.35,Normal,Low,Yes,5.0
SHP100201,2025-12-09,North,Road,Standard,120.58,409,8.52,9.32,0.8,863.05,361.74,91.22,1319.45,Normal,Low,No,5.0
SHP100202,2025-12-13,North,Road,Fragile,113.14,925,17.68,19.29,1.61,1831.45,791.98,224.02,2821.32,Adverse,Medium,No,3.7
SHP100203,2025-10-18,West,Air,Standard,18.92,661,1.76,4.42,2.66,600.29,56.76,70.06,698.47,Normal,High,No,2.9
SHP100204,2025-04-06,East,Rail,Standard,39.18,181,2.82,3.76,0.94,81.55,117.54,10.79,181.73,Normal,Medium,No,5.0
SHP100205,2025-09-12,North,Road,Express,28.28,474,10.3,11.36,1.06,234.58,84.84,23.62,351.97,Normal,Medium,No,3.9
SHP100206,2025-12-08,North,Air,Standard,78.89,781,1.62,1.0,-0.62,2957.43,236.67,315.61,3551.48,Normal,Low,Yes,5.0
SHP100207,2025-05-16,East,Air,Standard,61.83,520,1.24,2.83,1.59,1543.28,185.49,205.16,1946.1,Normal,Low,No,4.0
SHP100208,2025-09-05,North,Rail,Fragile,29.42,160,2.34,2.91,0.57,54.13,205.94,5.33,296.44,Normal,Medium,No,5.0
SHP100209,2025-04-02,North,Air,Standard,32.16,1344,2.36,2.35,-0.01,2074.71,96.48,255.49,2424.23,Normal,Low,Yes,5.0
SHP100210,2025-09-04,East,Road,Bulk,99.9,713,13.77,13.95,0.18,1246.5,399.6,123.55,1774.63,Normal,Medium,Yes,4.7
SHP100211,2025-09-15,East,Road,Standard,41.73,830,15.96,15.14,-0.82,606.13,125.19,59.16,848.33,Normal,Low,Yes,5.0
SHP100212,2025-07-06,East,Road,Standard,14.68,501,10.49,9.93,-0.56,128.71,44.04,16.53,218.28,Normal,Medium,Yes,5.0
SHP100213,2025-05-04,North,Road,Fragile,27.9,871,16.97,19.31,2.34,425.27,195.3,32.21,685.57,Adverse,Medium,No,3.6
SHP100214,2025-09-17,East,Road,Standard,133.96,1783,33.51,32.33,-1.18,4179.89,401.88,378.17,4950.69,Normal,Medium,Yes,5.0
SHP100215,2025-06-18,North,Sea,Standard,89.12,434,13.71,13.92,0.21,328.76,267.36,26.36,622.3,Normal,Medium,Yes,4.5
SHP100216,2025-12-31,South,Road,Standard,24.76,1626,30.67,31.52,0.85,704.55,74.28,65.04,858.07,Normal,Low,No,4.8
SHP100217,2025-04-21,West,Road,Standard,58.64,809,16.19,17.9,1.71,830.2,175.92,67.02,1051.92,Normal,High,No,4.1
SHP100218,2025-10-17,East,Road,Bulk,86.18,403,8.56,9.61,1.05,607.78,344.72,68.16,937.95,Normal,Medium,No,4.5
SHP100219,2025-03-28,West,Sea,Standard,18.76,2195,63.92,63.6,-0.32,350.01,56.28,46.14,466.32,Normal,Medium,Yes,4.8
SHP100220,2025-01-13,East,Road,Fragile,91.33,806,16.11,15.94,-0.17,1288.21,639.31,168.49,2129.66,Normal,Medium,Yes,5.0
SHP100221,2025-09-20,East,Road,Bulk,67.18,943,18.78,19.91,1.13,1108.64,268.72,102.89,1482.18,Normal,Low,No,3.3
SHP100222,2025-10-15,North,Road,Express,34.51,560,11.51,12.35,0.84,338.2,103.53,50.39,471.26,Normal,High,No,4.3
SHP100223,2025-01-23,South,Road,Bulk,73.0,419,9.04,9.67,0.63,535.27,292.0,60.73,876.42,Normal,Medium,No,4.5
SHP100224,2025-07-19,South,Sea,Standard,62.31,713,22.18,22.42,0.24,377.63,186.93,36.23,529.8,Normal,Medium,Yes,4.9
SHP100225,2025-08-30,North,Sea,Bulk,64.64,1551,45.4,46.24,0.84,852.18,258.56,115.21,1214.29,Normal,Low,No,5.0
SHP100226,2025-08-27,West,Road,Standard,57.49,548,11.63,14.3,2.67,551.33,172.47,69.3,754.07,Normal,High,No,3.5
SHP100227,2025-10-30,South,Sea,Fragile,31.48,641,20.09,22.36,2.27,171.52,220.36,21.86,389.25,Normal,Medium,No,4.6
SHP100228,2025-06-14,West,Rail,Express,34.96,1448,17.01,15.79,-1.22,582.15,104.88,45.21,691.44,Adverse,Low,Yes,5.0
SHP100229,2025-08-14,East,Air,Standard,46.34,551,1.22,3.66,2.44,1225.6,139.02,125.19,1444.98,Adverse,Medium,No,3.4
SHP100230,2025-06-25,West,Road,Express,54.36,861,16.52,16.64,0.12,819.07,163.08,112.67,1059.68,Normal,High,Yes,4.1
SHP100231,2025-01-29,East,Road,Fragile,75.34,1053,20.26,22.11,1.85,1388.33,527.38,146.28,2084.14,Normal,Medium,No,4.4
SHP100232,2025-06-14,East,Road,Standard,135.66,583,11.91,12.31,0.4,1384.07,406.98,168.18,1941.39,Normal,Medium,Yes,4.9
SHP100233,2025-01-23,South,Rail,Standard,60.13,771,9.09,12.38,3.29,533.14,180.39,60.2,734.95,Adverse,Medium,No,3.8
SHP100234,2025-10-21,North,Road,Fragile,74.62,935,18.18,18.96,0.78,1220.97,522.34,165.82,1935.52,Normal,Medium,No,4.7
SHP100235,2025-02-13,West,Road,Express,83.85,521,10.38,9.95,-0.43,764.5,251.55,65.45,1086.02,Normal,Medium,Yes,5.0
SHP100236,2025-09-18,South,Road,Bulk,77.47,1018,19.61,19.22,-0.39,1380.13,309.88,154.29,1761.57,Normal,Low,Yes,5.0
SHP100237,2025-06-29,North,Air,Fragile,30.79,481,1.0,1.0,0.0,710.88,215.53,50.54,1011.79,Normal,Medium,Yes,5.0
SHP100238,2025-10-23,East,Road,Bulk,104.88,448,8.98,10.15,1.17,822.26,419.52,100.41,1344.72,Adverse,High,No,4.3
SHP100239,2025-05-19,North,Rail,Fragile,96.27,281,4.01,3.93,-0.08,311.1,673.89,39.16,1051.11,Normal,Medium,Yes,5.0
SHP100240,2025-11-30,West,Sea,Standard,57.06,493,15.44,15.01,-0.43,239.11,171.18,15.27,417.68,Normal,Medium,Yes,5.0
SHP100241,2025-09-05,West,Road,Standard,31.87,415,8.62,8.15,-0.47,231.46,95.61,27.96,411.19,Normal,Medium,Yes,5.0
SHP100242,2025-08-29,West,Rail,Fragile,53.89,521,6.43,7.85,1.42,322.88,377.23,31.42,718.17,Normal,Medium,No,4.6
SHP100243,2025-04-16,South,Road,Express,20.18,910,18.43,19.91,1.48,321.37,60.54,22.87,312.52,Normal,High,No,2.9
SHP100244,2025-06-22,North,Air,Standard,112.14,252,1.0,1.71,0.71,1356.45,336.42,132.65,1794.39,Normal,Medium,No,4.6
SHP100245,2025-02-18,West,Road,Standard,36.81,219,5.36,8.61,3.25,141.07,110.43,10.93,280.01,Adverse,Low,No,3.2
SHP100246,2025-05-03,South,Rail,Bulk,45.02,431,5.4,6.84,1.44,223.14,180.08,21.73,430.52,Normal,High,No,5.0
SHP100247,2025-02-04,West,Air,Express,107.93,838,1.82,1.6,-0.22,4341.38,323.79,410.65,5071.53,Normal,Medium,Yes,4.9
SHP100248,2025-04-16,West,Sea,Express,101.17,762,23.21,28.41,5.2,655.28,303.51,82.86,1007.13,Adverse,High,No,2.6
SHP100249,2025-11-24,West,Rail,Express,63.64,427,5.35,6.47,1.12,312.5,190.92,40.53,544.59,Normal,Medium,No,4.5
SHP100250,2025-07-15,South,Road,Standard,121.06,1237,24.17,25.49,1.32,2620.65,363.18,300.41,3283.73,Normal,High,No,3.8
SHP100251,2025-04-19,South,Rail,Standard,30.23,453,5.98,6.05,0.07,157.48,90.69,9.77,257.08,Normal,Low,Yes,4.7
SHP100252,2025-05-05,West,Air,Standard,63.65,838,1.82,2.45,0.63,2560.26,190.95,368.14,3138.17,Normal,Medium,No,5.0
SHP100253,2025-11-23,South,Rail,Standard,30.37,532,6.47,7.51,1.04,185.8,91.11,22.62,305.9,Normal,High,No,3.6
SHP100254,2025-10-22,North,Road,Fragile,93.17,403,8.21,10.68,2.47,657.08,652.19,41.45,1341.89,Adverse,Low,No,4.0
SHP100255,2025-12-13,East,Sea,Standard,91.44,466,14.8,15.2,0.4,362.19,274.32,48.42,649.85,Normal,Low,Yes,4.4
SHP100256,2025-02-06,West,Rail,Bulk,125.61,973,11.47,12.39,0.92,1405.51,502.44,109.66,2065.22,Normal,High,No,5.0
SHP100257,2025-07-07,East,Rail,Bulk,52.99,793,9.76,9.95,0.19,483.24,211.96,54.19,818.74,Normal,High,Yes,5.0
SHP100258,2025-12-03,East,Road,Standard,144.13,1107,21.5,19.84,-1.66,2792.16,432.39,284.79,3570.39,Normal,Low,Yes,5.0
SHP100259,2025-01-23,North,Rail,Express,28.92,793,9.63,11.54,1.91,263.74,86.76,25.79,400.75,Normal,High,No,4.0
SHP100260,2025-09-18,East,Road,Express,51.43,268,6.28,5.41,-0.87,241.21,154.29,33.79,370.66,Normal,Medium,Yes,5.0
SHP100261,2025-07-13,West,Rail,Bulk,29.53,2080,23.96,25.77,1.81,706.36,118.12,70.19,831.76,Adverse,Medium,No,4.0
SHP100262,2025-06-01,North,Road,Standard,59.0,799,15.51,15.79,0.28,824.97,177.0,55.09,1037.86,Normal,High,Yes,4.9
SHP100263,2025-01-18,East,Rail,Fragile,31.03,863,10.34,10.53,0.19,307.96,217.21,44.71,567.97,Normal,Medium,Yes,4.9
SHP100264,2025-01-27,West,Sea,Express,93.31,528,16.62,16.05,-0.57,418.78,279.93,59.82,755.17,Normal,Low,Yes,5.0
SHP100265,2025-01-24,West,Road,Standard,68.37,1199,23.23,23.39,0.16,1434.57,205.11,174.44,1820.91,Normal,Low,Yes,5.0
SHP100266,2025-01-29,East,Sea,Standard,27.52,356,11.73,11.1,-0.63,83.28,82.56,8.5,125.6,Normal,Medium,Yes,5.0
SHP100267,2025-05-19,East,Road,Express,81.95,909,17.58,17.49,-0.09,1303.62,245.85,89.11,1694.84,Normal,Medium,Yes,5.0
SHP100268,2025-05-26,South,Air,Fragile,116.54,207,1.0,2.88,1.88,1157.94,815.78,151.88,2178.29,Normal,High,No,3.7
SHP100269,2025-05-03,South,Air,Standard,71.93,943,1.95,2.18,0.23,3255.84,215.79,217.47,3643.2,Normal,High,Yes,5.0
SHP100270,2025-05-08,West,Rail,Express,23.01,359,5.18,6.72,1.54,95.0,69.03,6.29,105.16,Normal,Medium,No,5.0
SHP100271,2025-04-27,West,Air,Standard,48.75,757,1.59,1.41,-0.18,1771.38,146.25,191.95,2106.44,Normal,High,Yes,4.9
SHP100272,2025-05-12,West,Air,Fragile,76.89,1371,2.25,2.78,0.53,5059.98,538.23,376.52,6018.9,Normal,Low,No,4.8
SHP100273,2025-10-16,West,Road,Standard,46.21,1022,20.08,21.1,1.02,826.47,138.63,50.16,1014.13,Normal,Low,No,5.0
SHP100274,2025-07-25,East,Road,Bulk,28.71,1275,24.24,24.68,0.44,640.59,114.84,62.83,827.36,Normal,High,Yes,5.0
SHP100275,2025-08-24,East,Rail,Standard,98.99,1204,14.25,14.16,-0.09,1370.62,296.97,99.16,1751.36,Normal,Low,Yes,5.0
SHP100276,2025-02-11,West,Air,Standard,45.12,487,1.2,1.31,0.11,1054.73,135.36,78.52,1273.73,Normal,Low,Yes,4.5
SHP100277,2025-06-09,East,Air,Standard,116.58,903,1.8,1.55,-0.25,5053.04,349.74,338.16,5774.0,Normal,Medium,Yes,5.0
SHP100278,2025-09-09,East,Air,Standard,39.29,252,1.0,1.34,0.34,475.25,117.87,37.29,644.83,Normal,Medium,Yes,5.0
SHP100279,2025-06-28,West,Road,Express,43.66,445,8.88,10.53,1.65,340.0,130.98,42.29,533.42,Normal,High,No,4.4
SHP100280,2025-05-05,West,Air,Standard,37.58,1398,2.3,1.93,-0.37,2521.77,112.74,334.9,2911.19,Normal,Low,Yes,4.8
SHP100281,2025-09-17,South,Road,Bulk,48.29,526,11.04,11.95,0.91,444.51,193.16,44.77,757.28,Normal,Low,No,4.6
SHP100282,2025-10-03,South,Road,Standard,67.77,233,5.54,6.25,0.71,276.33,203.31,29.18,451.03,Normal,Medium,No,3.9
SHP100283,2025-08-01,North,Road,Standard,29.58,1967,37.44,37.37,-0.07,1018.22,88.74,64.09,1176.52,Normal,Medium,Yes,5.0
SHP100284,2025-11-20,East,Road,Standard,26.45,886,17.05,19.96,2.91,410.11,79.35,27.16,511.36,Adverse,Medium,No,4.1
SHP100285,2025-07-09,North,Road,Standard,18.52,990,19.19,19.0,-0.19,320.86,55.56,26.69,399.37,Normal,Medium,Yes,5.0
SHP100286,2025-02-27,South,Road,Standard,17.22,379,8.38,10.26,1.88,114.21,51.66,12.44,208.76,Normal,High,No,3.7
SHP100287,2025-07-22,East,Rail,Standard,23.16,760,9.1,9.72,0.62,202.42,69.48,25.62,272.74,Normal,High,No,4.9
SHP100288,2025-03-21,South,Road,Express,39.14,749,14.7,16.74,2.04,513.03,117.42,58.72,674.02,Adverse,Low,No,4.4
SHP100289,2025-08-16,East,Road,Standard,58.42,414,8.65,8.92,0.27,423.25,175.26,40.33,598.71,Normal,Medium,Yes,4.5
SHP100290,2025-04-05,North,Road,Express,65.76,592,11.85,12.52,0.67,681.27,197.28,48.13,965.96,Normal,Medium,No,5.0
SHP100291,2025-01-04,North,Road,Express,56.96,285,6.51,7.83,1.32,284.09,170.88,37.01,501.29,Adverse,High,No,4.6
SHP100292,2025-06-14,West,Road,Standard,109.53,537,10.52,12.09,1.57,1029.31,328.59,95.46,1475.66,Normal,High,No,4.2
SHP100293,2025-10-27,South,Road,Express,128.13,1111,21.81,21.73,-0.08,2491.17,384.39,314.5,3218.47,Normal,Low,Yes,4.8
SHP100294,2025-02-11,North,Rail,Bulk,45.24,431,5.35,6.28,0.93,224.23,180.96,23.81,498.7,Normal,Medium,No,4.5
SHP100295,2025-10-12,East,Rail,Express,29.86,1856,20.89,21.69,0.8,637.33,89.58,80.61,871.11,Normal,Medium,No,4.2
SHP100296,2025-08-17,West,Rail,Fragile,148.91,295,4.08,5.1,1.02,505.18,1042.37,71.56,1630.42,Normal,Low,No,4.7
SHP100297,2025-08-31,North,Road,Standard,97.19,563,11.34,9.73,-1.61,957.56,291.57,136.83,1391.49,Normal,Low,Yes,5.0
SHP100298,2025-07-31,East,Road,Fragile,93.4,453,9.39,9.64,0.25,740.43,653.8,80.08,1455.69,Normal,Medium,Yes,5.0
SHP100299,2025-10-27,North,Air,Fragile,38.26,589,1.38,2.75,1.37,1081.69,267.82,114.7,1490.25,Normal,Medium,No,4.5
SHP100300,2025-02-24,North,Road,Express,83.04,1382,26.49,26.65,0.16,2008.32,249.12,168.52,2450.71,Normal,Low,Yes,5.0
SHP100301,2025-12-02,East,Road,Bulk,57.2,378,8.49,8.56,0.07,378.38,228.8,54.57,636.22,Normal,Medium,Yes,4.8
SHP100302,2025-06-22,East,Road,Standard,50.86,507,10.25,10.84,0.59,451.26,152.58,45.67,674.7,Normal,Low,No,4.3
SHP100303,2025-10-04,East,Road,Standard,50.81,932,18.34,20.36,2.02,828.71,152.43,59.24,1075.67,Adverse,Medium,No,3.9
SHP100304,2025-11-30,West,Road,Fragile,69.45,684,13.81,15.62,1.81,831.32,486.15,82.25,1360.46,Normal,Medium,No,4.8
SHP100305,2025-08-17,West,Road,Fragile,111.42,716,13.56,15.23,1.67,1396.09,779.94,99.73,2282.41,Normal,Low,No,4.5
SHP100306,2025-01-30,East,Rail,Standard,155.51,382,4.84,5.46,0.62,683.16,466.53,71.89,1219.27,Normal,Medium,No,4.9
SHP100307,2025-01-23,South,Road,Standard,42.07,625,12.24,12.68,0.44,460.14,126.21,50.85,637.01,Normal,Low,Yes,4.0
SHP100308,2025-01-05,West,Rail,Standard,58.98,1211,14.37,14.28,-0.09,821.38,176.94,74.25,1039.23,Normal,Medium,Yes,5.0
SHP100309,2025-03-04,South,Air,Standard,50.15,268,1.0,1.71,0.71,645.13,150.45,42.87,774.52,Normal,Low,No,4.1
SHP100310,2025-08-09,South,Air,Fragile,66.99,443,1.17,2.44,1.27,1424.48,468.93,206.43,2073.39,Normal,Medium,No,3.9
SHP100311,2025-11-11,North,Air,Express,46.75,239,1.0,1.0,0.0,536.32,140.25,69.51,714.73,Normal,Low,Yes,4.5
SHP100312,2025-03-23,North,Sea,Standard,141.8,873,26.39,25.81,-0.58,1052.23,425.4,142.58,1632.57,Normal,Medium,Yes,4.9
SHP100313,2025-08-30,West,Road,Standard,35.77,1275,24.37,24.38,0.01,798.12,107.31,74.24,992.6,Normal,Medium,Yes,5.0
SHP100314,2025-09-10,West,Road,Standard,42.1,588,11.79,10.9,-0.89,433.21,126.3,55.66,626.11,Normal,Low,Yes,5.0
SHP100315,2025-02-21,East,Road,Standard,38.58,374,8.19,9.2,1.01,252.51,115.74,26.18,345.54,Normal,Medium,No,4.1
SHP100316,2025-11-17,South,Rail,Express,48.81,380,4.75,5.73,0.98,213.3,146.43,16.66,337.2,Normal,Low,No,4.3
SHP100317,2025-02-08,North,Sea,Bulk,24.15,552,17.08,18.51,1.43,113.31,96.6,8.07,196.4,Normal,Medium,No,4.6
SHP100318,2025-09-16,North,Road,Bulk,39.0,551,11.25,13.54,2.29,376.06,156.0,34.24,567.11,Normal,Low,No,4.3
SHP100319,2025-11-23,South,Sea,Standard,66.64,1073,32.07,32.1,0.03,607.79,199.92,43.99,839.97,Normal,Medium,Yes,5.0
SHP100320,2025-09-28,East,Road,Bulk,66.37,450,9.1,10.28,1.18,522.66,265.48,78.32,877.33,Normal,Medium,No,4.0
SHP100321,2025-03-13,East,Sea,Fragile,60.81,826,25.23,27.4,2.17,426.95,425.67,27.51,914.27,Adverse,High,No,3.8
SHP100322,2025-03-11,East,Road,Fragile,106.28,549,11.04,11.98,0.94,1021.09,743.96,101.81,1831.87,Normal,Medium,No,5.0
SHP100323,2025-08-08,South,Road,Express,68.06,432,8.84,8.06,-0.78,514.53,204.18,51.81,736.88,Normal,Medium,Yes,4.8
SHP100324,2025-01-04,West,Road,Standard,104.44,542,11.01,14.17,3.16,990.61,313.32,86.24,1394.91,Adverse,Medium,No,3.7
SHP100325,2025-12-16,West,Road,Standard,155.57,782,15.19,16.11,0.92,2128.98,466.71,237.21,2830.03,Normal,High,No,5.0
SHP100326,2025-10-17,East,Road,Standard,84.16,1075,20.74,19.5,-1.24,1583.26,252.48,116.37,1978.12,Normal,Medium,Yes,5.0
SHP100327,2025-10-19,East,Road,Standard,24.22,566,11.4,10.85,-0.55,239.9,72.66,31.32,344.14,Normal,Low,Yes,5.0
SHP100328,2025-12-21,South,Air,Standard,62.13,335,1.0,3.63,2.63,999.05,186.39,89.83,1336.19,Normal,High,No,3.5
SHP100329,2025-08-19,North,Road,Express,57.26,1126,21.55,22.28,0.73,1128.31,171.78,127.75,1372.26,Normal,Medium,No,3.8
SHP100330,2025-03-21,South,Road,Fragile,116.48,397,8.67,11.19,2.52,809.24,815.36,100.68,1754.69,Normal,High,No,3.6
SHP100331,2025-03-07,West,Rail,Express,49.8,750,9.23,10.53,1.3,429.52,149.4,60.14,646.04,Normal,High,No,4.1
SHP100332,2025-05-16,North,Air,Standard,33.01,641,1.0,1.0,0.0,1015.65,99.03,137.34,1202.91,Normal,Low,Yes,4.2
SHP100333,2025-07-10,North,Road,Bulk,40.28,596,12.26,12.97,0.71,420.12,161.12,48.21,557.07,Normal,Medium,No,4.5
SHP100334,2025-12-13,North,Road,Bulk,24.75,497,10.37,10.87,0.5,215.26,99.0,20.44,295.33,Normal,Low,Yes,5.0
SHP100335,2025-12-02,North,Road,Fragile,8.12,914,17.93,17.75,-0.18,129.88,56.84,13.67,242.71,Normal,Low,Yes,4.8
SHP100336,2025-02-28,West,Road,Bulk,142.17,91,3.08,3.99,0.91,226.41,568.68,29.25,862.67,Normal,Low,No,4.4
SHP100337,2025-09-23,East,Rail,Express,53.56,1214,14.29,15.59,1.3,747.75,160.68,103.92,1007.85,Normal,Medium,No,5.0
SHP100338,2025-01-07,South,Road,Bulk,26.14,394,8.52,8.66,0.14,180.24,104.56,12.5,284.61,Normal,Low,Yes,4.6
SHP100339,2025-07-21,North,Road,Standard,122.09,814,15.88,15.46,-0.42,1739.17,366.27,164.59,2240.07,Normal,Low,Yes,5.0
SHP100340,2025-11-28,South,Air,Standard,133.16,790,1.83,1.64,-0.19,5049.43,399.48,655.67,6098.02,Normal,Medium,Yes,4.3
SHP100341,2025-08-25,South,Road,Standard,58.34,1311,25.09,26.5,1.41,1338.47,175.02,132.31,1629.2,Normal,Low,No,3.9
SHP100342,2025-09-25,North,Rail,Standard,23.45,725,8.51,8.15,-0.36,195.51,70.35,17.58,343.29,Normal,Low,Yes,5.0
SHP100343,2025-03-20,South,Road,Standard,40.84,412,8.95,9.47,0.52,294.46,122.52,28.57,402.26,Normal,Low,No,5.0
SHP100344,2025-02-15,South,Sea,Express,46.86,269,9.15,9.4,0.25,107.15,140.58,12.24,273.7,Normal,Medium,Yes,4.5
SHP100345,2025-08-31,East,Road,Fragile,54.55,537,10.9,11.81,0.91,512.63,381.85,76.89,1032.87,Normal,Medium,No,4.2
SHP100346,2025-10-15,East,Air,Express,28.09,221,1.0,1.0,0.0,297.98,84.27,31.1,440.46,Normal,Low,Yes,5.0
SHP100347,2025-06-09,North,Rail,Standard,87.86,460,5.82,6.24,0.42,464.78,263.58,36.61,725.62,Normal,High,Yes,5.0
SHP100348,2025-04-25,South,Road,Fragile,13.9,553,11.31,13.0,1.69,134.52,97.3,10.04,187.88,Normal,Medium,No,3.8
SHP100349,2025-04-24,East,Rail,Express,95.52,445,5.5,7.59,2.09,488.82,286.56,31.19,816.18,Adverse,Medium,No,3.8
SHP100350,2025-05-06,East,Sea,Standard,106.37,665,20.11,20.88,0.77,601.26,319.11,66.31,991.95,Normal,Medium,No,5.0
SHP100351,2025-03-31,West,Rail,Fragile,43.14,571,6.88,10.43,3.55,283.28,301.98,30.88,659.27,Adverse,Medium,No,2.9
SHP100352,2025-03-02,East,Air,Standard,51.14,543,1.33,4.49,3.16,1332.91,153.42,104.6,1610.12,Adverse,Medium,No,3.7
SHP100353,2025-11-13,North,Sea,Standard,113.49,171,6.35,5.86,-0.49,164.96,340.47,20.22,508.68,Normal,Low,Yes,5.0
SHP100354,2025-04-12,North,Road,Bulk,75.32,319,7.28,8.44,1.16,420.47,301.28,53.27,755.68,Normal,Low,No,5.0
SHP100355,2025-04-24,East,Road,Standard,44.02,926,18.02,19.11,1.09,713.34,132.06,59.44,859.12,Normal,High,No,4.8
SHP100356,2025-06-23,North,Rail,Express,47.0,1012,12.26,14.33,2.07,546.99,141.0,49.76,742.27,Normal,Low,No,4.5
SHP100357,2025-04-02,East,Road,Bulk,69.66,236,5.32,4.73,-0.59,287.7,278.64,42.91,560.09,Normal,Medium,Yes,5.0
SHP100358,2025-07-02,West,Air,Fragile,135.31,415,1.0,6.42,5.42,2695.38,947.17,252.51,3926.91,Adverse,High,No,2.9
SHP100359,2025-07-24,East,Sea,Standard,47.82,1172,34.99,35.29,0.3,476.38,143.46,61.2,701.67,Normal,Medium,Yes,5.0
SHP100360,2025-12-29,South,Road,Standard,43.26,438,9.13,9.71,0.58,331.59,129.78,33.41,514.28,Normal,Medium,No,5.0
SHP100361,2025-07-14,East,Road,Standard,54.34,611,12.25,12.17,-0.08,581.03,163.02,76.35,774.13,Normal,Medium,Yes,4.9
SHP100362,2025-11-01,South,Air,Express,54.52,1437,2.39,1.13,-1.26,3760.57,163.56,485.91,4404.79,Normal,Low,Yes,5.0
SHP100363,2025-01-25,East,Road,Express,63.13,533,10.49,10.47,-0.02,588.85,189.39,70.72,835.33,Normal,Medium,Yes,4.2
SHP100364,2025-08-22,West,Air,Standard,51.23,492,1.31,1.42,0.11,1209.85,153.69,165.66,1532.8,Normal,Medium,Yes,5.0
SHP100365,2025-01-16,South,Road,Bulk,98.57,596,12.17,13.82,1.65,1028.09,394.28,148.59,1589.45,Normal,High,No,4.0
SHP100366,2025-05-21,West,Rail,Express,31.57,1801,20.66,22.76,2.1,653.86,94.71,73.36,803.96,Normal,High,No,3.9
SHP100367,2025-04-18,West,Road,Standard,66.95,831,16.4,17.75,1.35,973.62,200.85,79.23,1237.04,Normal,High,No,3.8
SHP100368,2025-10-27,North,Rail,Express,68.37,657,8.06,9.43,1.37,516.57,205.11,49.53,795.0,Normal,High,No,4.7
SHP100369,2025-12-05,North,Road,Fragile,33.21,487,10.33,11.74,1.41,283.03,232.47,36.3,512.27,Normal,Medium,No,4.6
SHP100370,2025-10-30,North,Rail,Standard,66.59,874,10.18,9.18,-1.0,669.3,199.77,79.36,922.3,Normal,Medium,Yes,5.0
SHP100371,2025-03-21,North,Road,Standard,69.35,934,18.15,17.22,-0.93,1133.53,208.05,86.15,1427.93,Normal,Medium,Yes,4.4
SHP100372,2025-03-17,North,Air,Fragile,10.68,360,1.0,1.0,0.0,184.55,74.76,11.92,302.72,Normal,Medium,Yes,4.7
SHP100373,2025-10-03,East,Air,Express,29.84,948,1.9,2.8,0.9,1357.84,89.52,164.93,1578.38,Normal,High,No,4.8
SHP100374,2025-09-25,North,Road,Express,118.58,598,12.46,10.96,-1.5,1240.94,355.74,102.5,1761.82,Normal,Low,Yes,5.0
SHP100375,2025-04-22,South,Road,Express,37.85,659,13.15,13.8,0.65,436.51,113.55,45.82,548.6,Normal,High,No,4.7
SHP100376,2025-11-12,West,Road,Standard,26.1,400,8.66,8.77,0.11,182.7,78.3,23.24,338.5,Normal,High,Yes,4.8
SHP100377,2025-03-16,North,Rail,Standard,16.78,522,6.56,8.15,1.59,100.73,50.34,11.14,204.2,Normal,High,No,3.6
SHP100378,2025-08-02,West,Rail,Express,28.26,369,5.17,6.72,1.55,119.92,84.78,8.09,162.74,Normal,High,No,4.7
SHP100379,2025-02-03,South,Road,Standard,50.02,359,7.92,7.68,-0.24,314.25,150.06,24.1,431.29,Normal,Low,Yes,4.5
SHP100380,2025-05-21,North,Road,Standard,25.01,800,15.66,14.14,-1.52,350.14,75.03,27.92,478.29,Normal,Low,Yes,5.0
SHP100381,2025-06-15,East,Road,Bulk,75.85,535,10.83,10.94,0.11,710.15,303.4,59.09,1059.43,Normal,Low,Yes,4.5
SHP100382,2025-08-19,East,Rail,Bulk,32.86,318,4.46,7.43,2.97,120.17,131.44,13.33,229.69,Adverse,Low,No,4.1
SHP100383,2025-10-19,West,Road,Fragile,63.4,2152,40.16,42.9,2.74,2387.64,443.8,251.55,3146.41,Adverse,Medium,No,4.0
SHP100384,2025-01-28,West,Sea,Bulk,109.53,350,11.55,14.45,2.9,325.85,438.12,25.51,747.69,Normal,High,No,3.5
SHP100385,2025-10-22,West,Road,Standard,105.89,1185,22.66,24.75,2.09,2195.89,317.67,145.1,2633.23,Normal,High,No,4.4
SHP100386,2025-11-29,South,Rail,Bulk,62.81,289,4.1,4.93,0.83,208.75,251.24,15.75,454.44,Normal,Medium,No,4.0
SHP100387,2025-12-26,North,Road,Standard,27.18,836,16.36,16.13,-0.23,397.64,81.54,59.09,440.29,Normal,Low,Yes,5.0
SHP100388,2025-04-01,West,Road,Bulk,51.95,566,11.32,11.03,-0.29,514.56,207.8,52.57,778.14,Normal,Low,Yes,4.7
SHP100389,2025-04-25,West,Air,Bulk,63.93,460,1.38,2.76,1.38,1411.57,255.72,194.88,1830.27,Normal,Low,No,4.8
SHP100390,2025-06-08,West,Rail,Fragile,171.14,724,8.9,10.13,1.23,1424.91,1197.98,194.34,2845.6,Normal,Medium,No,4.6
SHP100391,2025-09-15,South,Sea,Bulk,16.68,673,20.72,23.88,3.16,95.42,66.72,10.12,205.2,Adverse,Medium,No,3.9
SHP100392,2025-12-04,South,Road,Express,52.06,416,8.87,8.4,-0.47,379.0,156.18,46.84,590.13,Normal,Low,Yes,5.0
SHP100393,2025-03-31,West,Road,Standard,74.4,406,8.16,7.57,-0.59,528.61,223.2,40.89,801.21,Normal,Medium,Yes,5.0
SHP100394,2025-09-02,South,Air,Express,56.71,274,1.34,1.02,-0.32,745.85,170.13,90.96,1012.67,Normal,Low,Yes,4.6
SHP100395,2025-10-25,West,Rail,Express,60.17,769,9.35,9.51,0.16,532.11,180.51,44.97,733.08,Normal,Medium,Yes,4.5
SHP100396,2025-01-31,West,Road,Standard,34.01,326,6.64,7.19,0.55,194.03,102.03,26.17,300.71,Normal,Medium,No,4.7
SHP100397,2025-11-13,South,Road,Express,87.04,651,13.34,13.15,-0.19,991.6,261.12,66.97,1366.0,Normal,Medium,Yes,4.7
SHP100398,2025-12-24,West,Road,Bulk,54.53,900,17.38,18.1,0.72,858.85,218.12,111.29,1213.99,Normal,Medium,No,5.0
SHP100399,2025-11-08,West,Sea,Standard,60.05,729,22.59,24.73,2.14,372.1,180.15,25.67,585.14,Normal,High,No,3.8
SHP100400,2025-08-16,North,Road,Fragile,92.01,437,9.18,8.54,-0.64,703.65,644.07,98.02,1466.74,Normal,Low,Yes,4.8
SHP100401,2025-12-05,West,Road,Bulk,44.78,1072,20.3,19.31,-0.99,840.07,179.12,73.4,1090.46,Normal,Medium,Yes,4.9
SHP100402,2025-05-08,East,Road,Bulk,102.81,519,10.7,12.4,1.7,933.77,411.24,111.02,1462.51,Normal,Medium,No,4.5
SHP100403,2025-09-27,West,Road,Bulk,24.51,312,6.92,6.45,-0.47,133.82,98.04,13.9,266.57,Normal,Medium,Yes,4.1
SHP100404,2025-09-27,South,Road,Express,61.94,556,11.6,12.5,0.9,602.68,185.82,56.03,771.93,Normal,High,No,4.1
SHP100405,2025-07-28,West,Road,Bulk,32.8,898,17.66,18.85,1.19,515.45,131.2,60.87,739.24,Normal,Medium,No,5.0
SHP100406,2025-06-27,South,Road,Fragile,27.99,449,9.05,10.1,1.05,219.93,195.93,31.95,477.01,Normal,Medium,No,4.4
SHP100407,2025-11-02,North,Air,Standard,134.47,1054,2.27,2.21,-0.06,6803.11,403.41,433.45,7612.65,Normal,Low,Yes,5.0
SHP100408,2025-07-10,West,Road,Express,25.28,426,8.84,9.3,0.46,188.46,75.84,26.89,334.74,Normal,Medium,Yes,5.0
SHP100409,2025-12-23,North,Road,Fragile,55.13,459,9.98,12.69,2.71,442.83,385.91,50.84,801.98,Normal,Low,No,3.7
SHP100410,2025-03-09,South,Sea,Standard,24.13,366,11.87,13.29,1.42,75.07,72.39,9.96,169.77,Normal,Low,No,3.6
SHP100411,2025-11-23,West,Rail,Express,99.43,947,11.27,11.12,-0.15,1082.84,298.29,102.38,1484.91,Normal,Medium,Yes,4.5
SHP100412,2025-09-24,West,Road,Express,42.27,631,12.47,13.71,1.24,466.77,126.81,47.83,630.57,Normal,Medium,No,3.8
SHP100413,2025-09-27,East,Road,Standard,91.75,379,7.97,8.37,0.4,608.53,275.25,84.1,968.56,Normal,Low,Yes,5.0
SHP100414,2025-12-28,East,Road,Express,73.04,523,10.52,10.9,0.38,668.5,219.12,65.07,973.08,Normal,Medium,Yes,5.0
SHP100415,2025-12-26,South,Rail,Fragile,157.54,120,2.43,2.8,0.37,217.41,1102.78,23.51,1280.5,Normal,Medium,Yes,4.4
SHP100416,2025-05-08,South,Sea,Express,21.32,997,29.65,30.01,0.36,180.68,63.96,11.17,290.84,Normal,Low,Yes,4.8
SHP100417,2025-09-21,South,Rail,Standard,29.7,592,7.58,8.81,1.23,202.2,89.1,15.02,291.96,Adverse,Medium,No,4.5
SHP100418,2025-08-09,East,Rail,Standard,89.11,173,2.93,3.03,0.1,177.28,267.33,20.88,501.03,Normal,Medium,Yes,5.0
SHP100419,2025-08-30,West,Air,Standard,63.57,292,1.19,1.0,-0.19,891.0,190.71,110.95,1215.18,Normal,Medium,Yes,4.7
SHP100420,2025-09-01,West,Road,Bulk,46.62,515,10.57,12.07,1.5,420.16,186.48,47.24,638.8,Normal,Medium,No,5.0
SHP100421,2025-01-19,West,Road,Standard,141.98,316,6.69,6.48,-0.21,785.15,425.94,57.24,1265.55,Normal,Medium,Yes,5.0
SHP100422,2025-06-04,North,Rail,Express,53.02,1006,11.93,11.72,-0.21,613.39,159.06,61.39,833.12,Normal,Medium,Yes,5.0
SHP100423,2025-08-17,South,Sea,Standard,33.53,818,25.02,26.84,1.82,233.13,100.59,21.44,411.38,Normal,High,No,3.9
SHP100424,2025-02-27,North,Road,Standard,92.34,792,15.62,15.9,0.28,1279.83,277.02,133.88,1650.82,Normal,Medium,Yes,4.5
SHP100425,2025-10-08,East,Rail,Bulk,54.01,155,2.61,2.82,0.21,96.27,216.04,13.32,310.3,Normal,Low,Yes,5.0
SHP100426,2025-02-14,South,Road,Fragile,56.35,487,10.4,12.33,1.93,480.24,394.45,62.35,881.67,Normal,Medium,No,3.9
SHP100427,2025-04-12,West,Road,Standard,76.38,443,9.4,11.65,2.25,592.14,229.14,40.0,865.62,Normal,High,No,4.0
SHP100428,2025-02-17,South,Road,Express,77.99,385,8.25,7.96,-0.29,525.46,233.97,73.63,811.24,Adverse,Low,Yes,4.3
SHP100429,2025-02-19,North,Road,Standard,29.46,517,10.14,12.09,1.95,266.54,88.38,27.31,364.65,Adverse,High,No,3.9
SHP100430,2025-03-22,North,Air,Express,45.12,350,1.0,1.07,0.07,758.02,135.36,96.23,1041.57,Normal,High,Yes,4.9
SHP100431,2025-10-27,West,Road,Express,22.9,732,14.41,14.1,-0.31,293.35,68.7,21.3,354.53,Normal,Low,Yes,5.0
SHP100432,2025-02-28,East,Rail,Standard,64.09,991,11.32,12.51,1.19,730.4,192.27,87.91,1005.0,Normal,High,No,4.0
SHP100433,2025-06-10,North,Air,Standard,133.18,945,1.58,1.7,0.12,6041.04,399.54,490.95,6915.49,Normal,Medium,Yes,4.3
SHP100434,2025-04-13,North,Sea,Standard,30.18,603,18.66,19.04,0.38,154.69,90.54,15.38,246.76,Normal,High,Yes,5.0
SHP100435,2025-11-30,East,Road,Bulk,20.43,1952,36.66,36.5,-0.16,697.89,81.72,42.93,919.55,Normal,Medium,Yes,5.0
SHP100436,2025-10-01,North,Road,Bulk,36.7,1217,23.45,24.73,1.28,781.62,146.8,57.56,925.26,Normal,Medium,No,3.6
SHP100437,2025-07-02,West,Road,Standard,46.39,615,12.33,16.01,3.68,499.27,139.17,34.09,695.08,Adverse,Medium,No,2.6
SHP100438,2025-04-26,East,Sea,Fragile,78.37,499,15.82,15.27,-0.55,332.41,548.59,27.12,993.07,Normal,Medium,Yes,5.0
SHP100439,2025-12-28,North,Sea,Standard,43.71,1357,40.17,39.91,-0.26,504.17,131.13,34.79,707.86,Normal,Low,Yes,5.0
SHP100440,2025-09-24,North,Road,Standard,64.72,1131,21.77,22.76,0.99,1280.97,194.16,156.63,1633.4,Normal,Medium,No,5.0
SHP100441,2025-06-13,West,Air,Fragile,39.82,299,1.0,1.67,0.67,571.5,278.74,35.78,844.97,Normal,Low,No,4.2
SHP100442,2025-05-23,South,Road,Bulk,47.83,1181,23.04,22.85,-0.19,988.53,191.32,114.27,1339.78,Normal,Medium,Yes,5.0
SHP100443,2025-11-14,South,Rail,Bulk,32.89,597,7.3,7.62,0.32,225.81,131.56,16.41,406.58,Normal,Medium,Yes,4.0
SHP100444,2025-10-31,West,Road,Express,27.14,405,8.6,9.24,0.64,192.35,81.42,27.9,248.14,Normal,Medium,No,4.9
SHP100445,2025-04-04,West,Air,Standard,79.88,219,1.0,2.56,1.56,839.7,239.64,120.9,1189.03,Adverse,Medium,No,5.0
SHP100446,2025-09-07,West,Road,Fragile,41.41,561,11.04,11.7,0.66,406.54,289.87,32.64,686.84,Normal,Low,No,4.8
SHP100447,2025-12-09,West,Air,Standard,67.3,646,1.89,1.87,-0.02,2086.84,201.9,240.61,2429.26,Normal,Low,Yes,4.7
SHP100448,2025-11-02,South,Air,Express,32.59,1556,3.09,2.67,-0.42,2434.08,97.77,152.18,2641.0,Normal,Low,Yes,5.0
SHP100449,2025-11-12,North,Air,Standard,53.21,1100,1.66,2.71,1.05,2809.49,159.63,404.18,3376.98,Normal,Medium,No,4.7
SHP100450,2025-08-28,West,Road,Express,14.08,472,9.87,10.69,0.82,116.3,42.24,12.45,191.3,Normal,High,No,4.7
SHP100451,2025-02-28,East,Road,Standard,43.18,805,15.7,14.9,-0.8,608.3,129.54,38.86,765.38,Normal,Low,Yes,4.9
SHP100452,2025-01-15,South,Road,Standard,34.62,1024,19.72,22.7,2.98,620.39,103.86,56.35,828.69,Normal,High,No,3.8
SHP100453,2025-10-12,West,Road,Bulk,97.29,681,13.67,14.31,0.64,1159.45,389.16,77.59,1662.23,Normal,Medium,No,4.4
SHP100454,2025-07-22,North,Road,Standard,24.71,471,10.03,8.35,-1.68,203.67,74.13,19.42,292.84,Normal,Medium,Yes,5.0
SHP100455,2025-08-25,South,Sea,Express,48.94,485,15.24,16.64,1.4,201.76,146.82,24.27,364.0,Normal,Medium,No,4.4
SHP100456,2025-10-23,North,Rail,Standard,63.66,804,9.62,11.82,2.2,588.6,190.98,60.21,853.18,Normal,High,No,4.5
SHP100457,2025-10-14,South,Road,Standard,90.06,816,16.13,16.5,0.37,1286.06,270.18,121.58,1677.19,Normal,Low,Yes,4.6
SHP100458,2025-03-14,North,Road,Standard,83.48,553,11.4,12.31,0.91,807.88,250.44,57.14,1065.56,Normal,Medium,No,4.5
SHP100459,2025-08-02,North,Road,Standard,51.12,154,3.75,5.88,2.13,137.77,153.36,11.3,292.09,Normal,Medium,No,4.4
SHP100460,2025-01-11,North,Rail,Bulk,55.17,320,4.79,4.72,-0.07,203.03,220.68,14.01,461.01,Normal,Medium,Yes,4.9
SHP100461,2025-12-03,East,Road,Standard,97.24,914,17.66,18.97,1.31,1555.35,291.72,206.36,2099.45,Normal,High,No,4.4
SHP100462,2025-08-13,West,Sea,Bulk,50.58,201,7.48,9.36,1.88,86.42,202.32,6.24,328.58,Normal,Low,No,4.0
SHP100463,2025-11-14,East,Road,Express,58.45,1247,23.99,26.14,2.15,1275.53,175.35,144.88,1607.45,Normal,Medium,No,4.0
SHP100464,2025-07-22,West,Sea,Express,98.96,1149,34.48,34.59,0.11,966.49,296.88,87.8,1402.18,Normal,Medium,Yes,5.0
SHP100465,2025-08-19,South,Air,Express,169.37,665,1.27,3.28,2.01,5406.29,508.11,434.33,6363.57,Normal,Medium,No,4.9
SHP100466,2025-02-20,South,Road,Express,61.21,903,17.19,18.23,1.04,967.27,183.63,113.7,1261.51,Normal,Medium,No,3.8
SHP100467,2025-02-26,West,Sea,Fragile,70.45,869,26.32,28.62,2.3,520.38,493.15,52.63,1117.91,Normal,Medium,No,3.4
SHP100468,2025-05-12,North,Road,Standard,82.14,610,12.29,14.11,1.82,876.84,246.42,84.19,1232.66,Normal,High,No,4.1
SHP100469,2025-10-07,West,Air,Standard,98.45,305,1.0,1.64,0.64,1441.31,295.35,163.38,1945.61,Normal,Medium,No,4.7
SHP100470,2025-10-24,North,Road,Bulk,91.27,1107,21.56,24.83,3.27,1768.13,365.08,184.26,2275.91,Normal,High,No,3.4
SHP100471,2025-11-01,West,Air,Bulk,38.08,1409,2.55,2.83,0.28,2575.43,152.32,224.87,2922.51,Normal,Medium,Yes,4.6
SHP100472,2025-08-13,North,Air,Bulk,63.46,334,1.0,2.82,1.82,1017.39,253.84,112.23,1354.86,Normal,Low,No,3.6
SHP100473,2025-06-23,West,Air,Standard,91.61,299,1.01,2.66,1.65,1314.79,274.83,158.11,1754.09,Normal,Low,No,4.0
SHP100474,2025-10-19,East,Air,Fragile,109.61,603,1.48,3.27,1.79,3172.55,767.27,197.97,4201.65,Normal,Low,No,4.6
SHP100475,2025-09-23,West,Road,Express,48.99,461,9.4,9.74,0.34,395.23,146.97,40.28,542.62,Normal,Medium,Yes,4.9
SHP100476,2025-09-04,North,Road,Express,62.62,704,14.31,14.91,0.6,771.48,187.86,50.29,1041.32,Normal,Medium,No,5.0
SHP100477,2025-03-19,East,Road,Standard,66.58,1263,24.72,24.1,-0.62,1471.58,199.74,112.98,1742.22,Normal,Medium,Yes,4.7
SHP100478,2025-05-15,West,Road,Express,54.17,189,4.36,4.4,0.04,179.17,162.51,19.79,435.58,Normal,Medium,Yes,5.0
SHP100479,2025-05-20,East,Rail,Standard,61.74,1551,17.99,18.49,0.5,1101.23,185.22,151.92,1382.48,Normal,Low,Yes,4.5
SHP100480,2025-12-08,East,Road,Standard,13.64,520,10.74,9.6,-1.14,124.12,40.92,17.31,208.26,Normal,Low,Yes,5.0
SHP100481,2025-09-10,East,Sea,Bulk,225.36,861,26.67,26.73,0.06,1649.3,901.44,109.34,2690.89,Normal,Low,Yes,4.9
SHP100482,2025-06-25,South,Rail,Standard,47.86,913,10.76,12.72,1.96,502.51,143.58,49.1,716.89,Normal,Medium,No,3.9
SHP100483,2025-03-01,East,Air,Standard,49.94,974,1.66,1.54,-0.12,2334.79,149.82,262.6,2716.51,Normal,Low,Yes,5.0
SHP100484,2025-12-18,East,Road,Standard,19.16,673,13.2,14.03,0.83,225.66,57.48,16.53,262.69,Normal,Low,No,4.9
SHP100485,2025-09-11,West,Air,Bulk,17.31,765,1.88,3.83,1.95,635.62,69.24,81.92,831.32,Normal,High,No,5.0
SHP100486,2025-01-08,North,Sea,Express,69.14,762,23.09,24.04,0.95,447.82,207.42,56.86,748.8,Normal,High,No,4.9
SHP100487,2025-04-17,South,Road,Standard,91.81,460,9.35,10.17,0.82,739.07,275.43,104.43,1155.15,Adverse,Low,No,4.9
SHP100488,2025-06-20,West,Rail,Fragile,82.9,247,3.6,4.83,1.23,235.48,580.3,14.31,870.54,Normal,Medium,No,5.0
SHP100489,2025-02-27,West,Air,Bulk,32.54,332,1.0,1.0,0.0,518.56,130.16,41.23,636.18,Normal,Medium,Yes,5.0
SHP100490,2025-12-03,South,Road,Standard,80.29,614,12.63,14.59,1.96,862.72,240.87,115.99,1164.77,Normal,High,No,4.1
SHP100491,2025-12-08,East,Road,Fragile,49.5,422,8.9,9.91,1.01,365.56,346.5,44.0,732.56,Normal,Medium,No,4.7
SHP100492,2025-10-17,South,Road,Fragile,42.91,422,8.93,10.42,1.49,316.89,300.37,44.52,644.99,Normal,Low,No,4.7
SHP100493,2025-03-25,North,Road,Express,23.28,1749,32.97,35.82,2.85,712.54,69.84,46.42,808.28,Adverse,Medium,No,4.3
SHP100494,2025-04-27,South,Road,Standard,34.91,1042,19.82,20.09,0.27,636.58,104.73,72.4,823.42,Normal,Medium,Yes,4.2
SHP100495,2025-07-19,South,Road,Bulk,70.01,566,11.44,11.9,0.46,693.45,280.04,77.12,1089.64,Normal,Low,Yes,3.9
SHP100496,2025-01-22,East,Road,Express,63.09,941,18.32,18.88,0.56,1038.93,189.27,65.67,1283.59,Normal,Medium,No,5.0
SHP100497,2025-08-07,North,Road,Standard,58.11,516,10.47,12.05,1.58,524.73,174.33,55.74,726.26,Normal,Medium,No,3.9
SHP100498,2025-08-14,West,Sea,Express,13.23,691,20.85,21.3,0.45,77.71,39.69,8.93,154.77,Normal,Medium,Yes,4.1
SHP100499,2025-09-28,West,Road,Standard,58.44,829,15.99,16.22,0.23,847.82,175.32,65.47,1078.74,Normal,Low,Yes,4.1
SHP100500,2025-04-12,East,Sea,Standard,37.76,517,16.26,16.34,0.08,165.94,113.28,14.04,297.01,Adverse,Medium,Yes,5.0
SHP100501,2025-05-25,East,Road,Fragile,63.34,446,9.54,10.2,0.66,494.37,443.38,58.15,984.27,Normal,Low,No,5.0
SHP100502,2025-05-27,South,Road,Standard,100.05,1274,24.78,28.52,3.74,2230.61,300.15,227.85,2770.51,Adverse,Medium,No,3.0
SHP100503,2025-09-18,West,Road,Standard,40.99,911,17.72,18.06,0.34,653.48,122.97,89.67,830.64,Normal,Low,Yes,4.5
SHP100504,2025-10-06,East,Road,Express,56.11,188,4.44,3.58,-0.86,184.6,168.33,16.76,395.12,Normal,Low,Yes,5.0
SHP100505,2025-12-05,North,Road,Standard,141.52,450,9.29,8.91,-0.38,1114.47,424.56,93.61,1631.5,Normal,Medium,Yes,5.0
SHP100506,2025-01-14,West,Rail,Bulk,61.62,423,5.24,5.35,0.11,299.75,246.48,44.55,564.03,Normal,Medium,Yes,4.8
SHP100507,2025-09-23,West,Road,Standard,52.35,462,9.8,11.8,2.0,423.25,157.05,60.1,658.98,Normal,High,No,3.7
SHP100508,2025-10-14,West,Rail,Standard,32.85,1045,12.95,14.05,1.1,394.77,98.55,24.72,491.26,Normal,Medium,No,5.0
SHP100509,2025-05-21,West,Rail,Standard,81.49,657,7.93,5.17,-2.76,615.7,244.47,79.65,914.58,Normal,Low,Yes,5.0
SHP100510,2025-10-20,East,Road,Standard,29.66,303,6.41,6.74,0.33,157.27,88.98,11.0,215.21,Normal,Medium,Yes,4.8
SHP100511,2025-01-31,South,Road,Standard,102.41,526,11.02,11.54,0.52,942.68,307.23,58.89,1249.18,Normal,Medium,No,5.0
SHP100512,2025-06-20,West,Air,Fragile,75.31,876,1.83,3.78,1.95,3166.63,527.17,268.0,3980.51,Adverse,Low,No,3.2
SHP100513,2025-12-21,West,Road,Bulk,38.51,576,11.76,12.95,1.19,388.18,154.04,32.7,615.72,Normal,High,No,4.7
SHP100514,2025-07-24,North,Road,Standard,33.49,456,9.89,10.95,1.06,267.25,100.47,35.74,387.69,Normal,Low,No,4.7
SHP100515,2025-10-18,North,Sea,Express,33.95,780,23.44,24.97,1.53,225.09,101.85,27.9,326.89,Normal,High,No,3.7
SHP100516,2025-04-21,South,Road,Fragile,17.49,1583,29.63,31.13,1.5,484.52,122.43,71.88,615.39,Normal,High,No,3.5
SHP100517,2025-03-09,West,Rail,Bulk,68.24,838,10.07,10.62,0.55,657.63,272.96,81.57,936.09,Normal,Medium,No,4.5
SHP100518,2025-07-02,West,Sea,Express,14.19,1329,39.49,40.51,1.02,160.3,42.57,15.65,243.95,Normal,High,No,4.6
SHP100519,2025-07-15,North,Road,Standard,50.51,473,9.71,10.34,0.63,418.1,151.53,51.39,551.92,Normal,Medium,No,4.8
SHP100520,2025-05-06,East,Road,Standard,48.72,647,13.58,12.44,-1.14,551.63,146.16,82.72,740.47,Normal,Low,Yes,5.0
SHP100521,2025-06-24,South,Road,Fragile,44.02,640,12.76,13.32,0.56,493.02,308.14,61.09,872.18,Normal,Medium,No,4.8
SHP100522,2025-09-19,West,Road,Fragile,67.98,694,13.68,15.21,1.53,825.62,475.86,106.13,1410.75,Normal,Low,No,3.7
SHP100523,2025-10-13,West,Road,Standard,38.57,828,16.29,16.63,0.34,558.88,115.71,80.73,766.69,Normal,Medium,Yes,4.7
SHP100524,2025-06-04,West,Rail,Standard,58.52,392,5.4,5.12,-0.28,263.81,175.56,18.53,458.14,Normal,Medium,Yes,4.5
SHP100525,2025-03-10,South,Road,Bulk,102.4,928,17.89,17.94,0.05,1662.98,409.6,205.26,2265.35,Normal,Medium,Yes,4.9
SHP100526,2025-04-18,South,Road,Fragile,72.37,266,6.0,7.68,1.68,336.88,506.59,46.01,849.66,Normal,Medium,No,4.9
SHP100527,2025-02-04,South,Sea,Bulk,41.87,312,10.66,10.95,0.29,111.04,167.48,16.2,272.52,Normal,Medium,Yes,5.0
SHP100528,2025-12-25,North,Air,Fragile,53.23,2104,3.9,8.56,4.66,5375.8,372.61,424.62,6162.92,Adverse,High,No,2.6
SHP100529,2025-02-13,West,Rail,Standard,44.05,491,6.31,5.81,-0.5,248.73,132.15,26.2,340.92,Normal,Low,Yes,5.0
SHP100530,2025-05-23,West,Road,Express,48.33,971,19.46,18.96,-0.5,821.25,144.99,99.58,1038.29,Normal,Medium,Yes,4.9
SHP100531,2025-07-30,West,Rail,Express,59.51,1654,19.67,19.87,0.2,1131.94,178.53,93.13,1390.57,Normal,Low,Yes,3.7
SHP100532,2025-10-12,West,Road,Standard,22.66,182,4.16,4.48,0.32,72.17,67.98,8.23,124.27,Normal,Medium,Yes,4.3
SHP100533,2025-01-06,East,Road,Express,19.65,1208,22.74,23.29,0.55,415.4,58.95,34.55,496.92,Normal,Low,No,5.0
SHP100534,2025-08-06,West,Road,Fragile,31.25,929,18.29,21.11,2.82,508.05,218.75,45.73,795.93,Adverse,Medium,No,4.1
SHP100535,2025-01-27,West,Sea,Standard,69.74,1602,47.61,48.84,1.23,949.65,209.22,94.71,1281.29,Adverse,Low,No,5.0
SHP100536,2025-08-15,West,Road,Fragile,74.94,339,7.31,8.29,0.98,444.58,524.58,47.85,1069.91,Normal,Low,No,4.7
SHP100537,2025-10-11,North,Road,Express,80.99,1444,27.33,28.22,0.89,2046.62,242.97,205.57,2442.38,Normal,High,No,5.0
SHP100538,2025-02-25,South,Road,Bulk,31.97,433,8.87,9.68,0.81,242.25,127.88,25.29,380.69,Normal,Low,No,4.9
SHP100539,2025-11-06,North,Road,Standard,55.93,1161,22.02,22.61,0.59,1136.36,167.79,98.72,1445.83,Normal,Medium,No,5.0
SHP100540,2025-12-02,West,Air,Standard,42.6,637,1.66,1.16,-0.5,1302.54,127.8,96.79,1466.02,Normal,Low,Yes,5.0
SHP100541,2025-04-15,East,Air,Express,49.45,993,1.83,1.66,-0.17,2356.98,148.35,151.46,2615.63,Normal,Medium,Yes,5.0
SHP100542,2025-01-18,North,Air,Standard,42.18,668,1.5,2.11,0.61,1352.46,126.54,105.0,1562.45,Normal,Medium,No,5.0
SHP100543,2025-07-24,East,Road,Fragile,61.36,236,5.03,7.06,2.03,253.42,429.52,28.48,782.97,Normal,Medium,No,3.8
SHP100544,2025-02-12,East,Road,Fragile,35.87,117,3.58,5.0,1.42,73.44,251.09,9.6,300.03,Normal,Low,No,3.3
SHP100545,2025-03-30,South,Road,Standard,96.34,730,14.62,14.27,-0.35,1230.74,289.02,92.59,1650.29,Normal,Medium,Yes,5.0
SHP100546,2025-03-15,North,Road,Express,96.8,562,11.08,10.81,-0.27,952.03,290.4,66.42,1307.87,Normal,Medium,Yes,5.0
SHP100547,2025-06-06,East,Road,Express,68.57,809,15.97,16.62,0.65,970.78,205.71,123.71,1260.08,Normal,High,No,4.3
SHP100548,2025-09-23,East,Air,Standard,90.35,566,1.27,1.19,-0.08,2454.63,271.05,214.69,3038.36,Normal,Medium,Yes,4.5
SHP100549,2025-05-14,West,Road,Bulk,22.15,1972,36.94,36.19,-0.75,764.4,88.6,111.32,971.13,Normal,Medium,Yes,5.0
SHP100550,2025-03-30,East,Road,Bulk,99.34,738,13.89,14.82,0.93,1282.98,397.36,159.46,1852.96,Normal,Low,No,4.9
SHP100551,2025-08-24,West,Road,Fragile,65.05,508,10.27,10.61,0.34,578.29,455.35,51.7,1104.06,Normal,Low,Yes,5.0
SHP100552,2025-05-12,East,Road,Fragile,37.11,783,15.51,16.58,1.07,508.5,259.77,43.76,828.02,Normal,Low,No,4.1
SHP100553,2025-08-17,East,Road,Express,35.01,513,10.39,10.14,-0.25,314.3,105.03,33.67,528.33,Normal,Low,Yes,4.8
SHP100554,2025-02-03,West,Sea,Bulk,117.52,684,20.99,21.27,0.28,683.26,470.08,45.86,1261.71,Normal,Low,Yes,5.0
SHP100555,2025-03-24,South,Air,Fragile,81.69,333,1.29,2.9,1.61,1305.73,571.83,92.17,1937.13,Adverse,Medium,No,4.3
SHP100556,2025-05-12,North,Sea,Fragile,48.73,647,19.97,21.05,1.08,267.99,341.11,20.32,700.08,Normal,Medium,No,5.0
SHP100557,2025-12-20,North,Road,Bulk,22.0,500,9.77,10.57,0.8,192.5,88.0,24.97,280.97,Normal,High,No,4.5
SHP100558,2025-07-23,West,Road,Standard,102.06,351,7.54,7.52,-0.02,626.9,306.18,66.61,1010.97,Normal,Low,Yes,5.0
SHP100559,2025-10-14,East,Road,Fragile,27.26,1927,36.26,40.65,4.39,919.28,190.82,56.03,1115.32,Adverse,Medium,No,3.0
SHP100560,2025-12-02,East,Road,Standard,43.04,358,7.5,9.12,1.62,269.65,129.12,32.52,467.57,Normal,High,No,3.9
SHP100561,2025-11-12,North,Air,Standard,48.69,652,1.59,4.62,3.03,1523.8,146.07,149.53,1808.65,Adverse,Medium,No,4.1
SHP100562,2025-09-15,North,Road,Standard,34.71,418,8.43,8.55,0.12,253.9,104.13,26.91,344.71,Adverse,Low,Yes,4.5
SHP100563,2025-10-19,North,Road,Bulk,47.48,765,15.07,15.82,0.75,635.64,189.92,50.39,917.54,Normal,Low,No,4.7
SHP100564,2025-05-05,South,Road,Bulk,52.79,322,6.69,7.52,0.83,297.47,211.16,32.62,591.52,Normal,Low,No,4.7
SHP100565,2025-05-31,East,Road,Fragile,46.94,1032,19.89,21.88,1.99,847.74,328.58,125.57,1353.34,Adverse,Medium,No,4.1
SHP100566,2025-12-25,South,Air,Fragile,63.02,1992,3.64,4.91,1.27,6025.72,441.14,401.37,6814.93,Normal,Medium,No,4.9
SHP100567,2025-09-04,South,Road,Express,119.86,410,8.61,8.5,-0.11,860.0,359.58,73.57,1348.22,Normal,Low,Yes,5.0
SHP100568,2025-06-24,West,Road,Bulk,22.64,1269,24.22,25.04,0.82,502.78,90.56,41.16,623.98,Normal,Low,No,4.8
SHP100569,2025-12-23,South,Road,Express,57.79,527,10.79,12.31,1.52,532.97,173.37,43.9,822.04,Normal,Medium,No,4.3
SHP100570,2025-10-29,East,Road,Standard,27.43,1488,28.27,29.73,1.46,714.28,82.29,67.2,885.64,Normal,High,No,5.0
SHP100571,2025-03-21,West,Air,Standard,21.36,2166,3.91,3.53,-0.38,2220.76,64.08,296.76,2590.39,Normal,Medium,Yes,5.0
SHP100572,2025-04-17,South,Sea,Fragile,86.69,572,18.02,18.4,0.38,421.49,606.83,59.92,1088.53,Normal,Medium,Yes,5.0
SHP100573,2025-10-27,East,Sea,Fragile,60.5,282,9.91,11.59,1.68,145.02,423.5,11.34,579.38,Normal,Medium,No,4.6
SHP100574,2025-11-01,West,Air,Standard,20.57,1095,2.13,1.36,-0.77,1081.16,61.71,117.7,1236.79,Normal,Low,Yes,5.0
SHP100575,2025-12-10,West,Road,Standard,47.46,735,14.15,17.03,2.88,610.45,142.38,71.62,787.07,Adverse,Medium,No,3.7
SHP100576,2025-02-27,North,Rail,Bulk,31.3,857,10.54,10.96,0.42,308.48,125.2,33.0,453.98,Normal,Medium,Yes,5.0
SHP100577,2025-04-01,West,Road,Standard,48.39,539,11.34,11.68,0.34,456.44,145.17,45.22,688.51,Normal,High,Yes,5.0
SHP100578,2025-05-15,South,Road,Fragile,76.38,400,9.09,10.46,1.37,534.66,534.66,41.32,1061.76,Normal,Low,No,4.8
SHP100579,2025-12-16,South,Air,Bulk,72.24,1230,2.66,3.93,1.27,4265.05,288.96,443.31,5044.24,Normal,Medium,No,4.7
SHP100580,2025-06-18,South,Road,Express,42.35,775,15.17,16.85,1.68,574.37,127.05,55.2,761.64,Adverse,Medium,No,5.0
SHP100581,2025-11-30,West,Sea,Standard,88.87,294,9.95,10.74,0.79,222.09,266.61,29.23,545.27,Normal,Medium,No,4.6
SHP100582,2025-05-02,South,Road,Fragile,106.71,948,18.37,19.34,0.97,1770.32,746.97,227.88,2774.33,Normal,Low,No,5.0
SHP100583,2025-08-24,South,Rail,Fragile,77.06,849,10.13,13.17,3.04,752.38,539.42,54.22,1378.5,Adverse,Medium,No,4.0
SHP100584,2025-03-17,East,Rail,Express,38.44,544,6.82,9.85,3.03,240.48,115.32,16.34,372.93,Adverse,High,No,3.8
SHP100585,2025-11-05,North,Sea,Bulk,49.28,1584,47.08,48.92,1.84,663.51,197.12,94.04,956.5,Normal,Medium,No,4.4
SHP100586,2025-01-23,North,Rail,Standard,117.83,463,5.55,5.85,0.3,627.39,353.49,67.88,1080.05,Normal,Medium,Yes,5.0
SHP100587,2025-11-29,North,Rail,Express,44.14,592,7.13,6.91,-0.22,300.51,132.42,41.23,437.71,Normal,Low,Yes,4.8
SHP100588,2025-03-14,North,Road,Fragile,72.36,992,19.54,19.46,-0.08,1256.17,506.52,81.94,1802.83,Normal,Low,Yes,5.0
SHP100589,2025-03-29,North,Road,Bulk,34.44,678,13.89,13.84,-0.05,408.63,137.76,43.88,574.01,Normal,Medium,Yes,5.0
SHP100590,2025-04-13,North,Road,Standard,89.21,304,6.56,6.94,0.38,474.6,267.63,51.52,803.83,Normal,High,Yes,5.0
SHP100591,2025-04-04,East,Air,Fragile,32.2,719,1.92,3.99,2.07,1111.29,225.4,152.76,1556.68,Normal,High,No,3.2
SHP100592,2025-11-12,North,Road,Express,50.48,518,10.86,11.04,0.18,457.6,151.44,31.48,642.2,Normal,Medium,Yes,4.2
SHP100593,2025-09-23,South,Rail,Standard,70.99,1041,12.3,12.96,0.66,849.86,212.97,69.38,1202.21,Normal,Medium,No,4.3
SHP100594,2025-09-10,West,Road,Standard,130.81,706,13.43,14.88,1.45,1616.16,392.43,156.1,2182.73,Adverse,High,No,4.3
SHP100595,2025-12-24,South,Road,Bulk,59.9,685,13.24,13.26,0.02,718.05,239.6,99.04,1040.82,Normal,Medium,Yes,4.6
SHP100596,2025-02-27,East,Air,Standard,45.69,365,1.0,1.51,0.51,800.49,137.07,115.67,1093.38,Adverse,Medium,No,5.0
SHP100597,2025-01-09,North,Road,Standard,43.78,573,11.81,14.18,2.37,439.0,131.34,65.56,627.41,Adverse,Low,No,4.5
SHP100598,2025-01-13,North,Road,Standard,87.12,1108,21.54,21.81,0.27,1689.26,261.36,247.18,2206.59,Normal,Medium,Yes,5.0
SHP100599,2025-05-11,North,Road,Bulk,67.92,424,8.79,9.44,0.65,503.97,271.68,30.51,759.38,Normal,Medium,No,4.9
SHP100600,2025-08-10,North,Sea,Fragile,75.57,638,19.67,21.51,1.84,409.82,528.99,26.35,912.35,Normal,High,No,4.7
SHP100601,2025-11-25,South,Air,Fragile,113.38,388,1.0,4.14,3.14,2111.59,793.66,154.75,3079.37,Normal,High,No,3.3
SHP100602,2025-06-02,North,Road,Standard,54.79,339,7.31,6.02,-1.29,325.04,164.37,29.71,557.75,Normal,Low,Yes,5.0
SHP100603,2025-03-12,North,Road,Express,65.34,620,12.51,12.86,0.35,708.94,196.02,95.49,1068.55,Normal,Medium,Yes,4.3
SHP100604,2025-12-11,North,Road,Express,43.44,715,14.19,15.9,1.71,543.54,130.32,76.28,721.82,Adverse,High,No,4.8
SHP100605,2025-01-20,South,Air,Bulk,33.68,1946,2.98,1.78,-1.2,3145.98,134.72,241.66,3573.59,Normal,Medium,Yes,5.0
SHP100606,2025-03-22,North,Rail,Bulk,37.5,506,6.37,6.08,-0.29,218.21,150.0,25.26,439.48,Normal,Low,Yes,5.0
SHP100607,2025-08-16,South,Road,Standard,11.45,632,12.69,13.02,0.33,126.64,34.35,18.05,161.85,Normal,Low,Yes,3.9
SHP100608,2025-12-12,East,Road,Fragile,70.6,327,7.39,7.85,0.46,404.01,494.2,41.1,987.89,Normal,Medium,Yes,4.4
SHP100609,2025-01-19,East,Road,Standard,66.72,910,17.54,20.44,2.9,1062.52,200.16,73.65,1369.38,Adverse,Medium,No,3.4
SHP100610,2025-06-14,North,Rail,Express,69.8,809,9.84,10.33,0.49,649.38,209.4,65.72,964.48,Normal,Medium,Yes,4.2
SHP100611,2025-04-17,West,Air,Standard,32.42,1474,2.81,2.7,-0.11,2293.78,97.26,215.21,2682.1,Normal,Low,Yes,4.6
SHP100612,2025-12-14,East,Road,Standard,37.88,1198,22.94,25.15,2.21,794.15,113.64,88.94,1035.25,Normal,High,No,4.1
SHP100613,2025-08-02,North,Road,Standard,37.18,789,15.11,14.63,-0.48,513.36,111.54,51.07,601.18,Normal,Low,Yes,5.0
SHP100614,2025-08-27,West,Road,Express,93.88,502,10.58,10.88,0.3,824.74,281.64,50.77,1168.44,Normal,Low,Yes,3.9
SHP100615,2025-05-27,West,Sea,Standard,58.69,727,22.46,21.42,-1.04,362.67,176.07,54.21,538.11,Normal,Medium,Yes,5.0
SHP100616,2025-06-30,North,Road,Fragile,54.46,612,12.38,13.56,1.18,583.27,381.22,63.53,1033.32,Normal,Medium,No,4.5
SHP100617,2025-12-02,South,Air,Standard,79.33,1098,2.1,2.61,0.51,4181.01,237.99,429.08,4851.36,Adverse,Low,No,4.3
SHP100618,2025-07-17,West,Rail,Standard,37.25,1024,11.73,12.27,0.54,438.66,111.75,64.01,593.98,Adverse,Low,No,4.9
SHP100619,2025-10-14,West,Road,Fragile,64.48,552,11.43,12.45,1.02,622.88,451.36,46.11,1084.38,Normal,Low,No,4.5
SHP100620,2025-02-22,North,Road,Standard,139.95,291,6.86,6.67,-0.19,712.7,419.85,54.9,1168.88,Normal,Medium,Yes,4.9
SHP100621,2025-08-28,North,Road,Express,101.81,1353,25.52,27.31,1.79,2410.61,305.43,319.94,3024.17,Normal,Medium,No,3.8
SHP100622,2025-10-17,South,Rail,Fragile,63.96,895,11.08,10.23,-0.85,658.31,447.72,54.95,1156.37,Normal,Medium,Yes,5.0
SHP100623,2025-10-14,South,Air,Standard,55.59,545,1.52,2.12,0.6,1454.23,166.77,191.86,1816.55,Normal,Medium,No,4.4
SHP100624,2025-07-07,East,Rail,Standard,69.47,876,10.25,10.68,0.43,699.84,208.41,59.09,987.83,Normal,Medium,Yes,4.0
SHP100625,2025-01-06,South,Road,Standard,109.35,677,13.41,13.19,-0.22,1295.52,328.05,81.6,1694.24,Normal,Low,Yes,5.0
SHP100626,2025-10-10,South,Road,Bulk,105.22,1342,25.25,26.33,1.08,2471.09,420.88,263.25,3200.01,Normal,High,No,4.0
SHP100627,2025-09-20,West,Sea,Express,119.18,225,7.91,9.16,1.25,227.93,357.54,17.71,601.84,Normal,High,No,3.7
SHP100628,2025-02-18,North,Air,Fragile,60.5,522,1.32,2.87,1.55,1515.89,423.5,194.35,2166.09,Normal,Low,No,4.4
SHP100629,2025-12-18,South,Road,Express,14.12,1566,29.34,28.0,-1.34,386.96,42.36,45.55,464.21,Normal,Low,Yes,5.0
SHP100630,2025-07-19,East,Sea,Standard,134.64,886,26.91,26.27,-0.64,1013.97,403.92,145.12,1659.05,Normal,Low,Yes,4.9
SHP100631,2025-03-01,West,Rail,Standard,33.64,1723,20.1,21.49,1.39,666.56,100.92,86.97,870.8,Adverse,Low,No,4.5
SHP100632,2025-02-02,East,Rail,Fragile,78.64,332,4.65,4.87,0.22,300.25,550.48,22.9,930.86,Normal,Medium,Yes,5.0
SHP100633,2025-10-30,East,Air,Standard,14.29,1172,2.32,2.99,0.67,803.9,42.87,106.13,928.61,Normal,Medium,No,4.8
SHP100634,2025-09-01,North,Air,Standard,53.84,1134,1.84,3.51,1.67,2930.62,161.52,345.1,3421.59,Normal,High,No,4.3
SHP100635,2025-06-21,South,Rail,Standard,44.19,258,3.64,4.89,1.25,131.11,132.57,15.76,270.62,Normal,Medium,No,3.7
SHP100636,2025-07-26,East,Road,Express,119.32,552,11.32,12.2,0.88,1152.63,357.96,155.49,1752.64,Normal,Medium,No,5.0
SHP100637,2025-10-10,North,Road,Bulk,64.4,613,12.71,13.96,1.25,690.85,257.6,77.13,1018.13,Normal,Medium,No,4.7
SHP100638,2025-01-22,South,Sea,Standard,53.53,267,9.13,8.9,-0.23,121.49,160.59,12.38,265.64,Adverse,Low,Yes,4.7
SHP100639,2025-02-16,South,Road,Express,68.28,559,11.47,13.06,1.59,667.95,204.84,78.35,996.67,Normal,Medium,No,4.3
SHP100640,2025-12-15,North,Road,Standard,9.32,1051,20.08,20.85,0.77,171.42,27.96,14.88,216.32,Adverse,Medium,No,4.7
SHP100641,2025-06-07,South,Road,Bulk,36.76,524,10.44,11.57,1.13,337.09,147.04,25.76,502.26,Normal,Low,No,4.5
SHP100642,2025-09-15,North,Road,Standard,40.03,743,14.39,13.29,-1.1,520.49,120.09,60.11,679.33,Normal,Low,Yes,5.0
SHP100643,2025-05-23,South,Rail,Standard,74.13,746,8.98,9.99,1.01,635.96,222.39,51.54,927.0,Normal,High,No,3.7
SHP100644,2025-02-16,North,Sea,Fragile,29.48,646,20.47,22.32,1.85,161.87,206.36,10.88,416.3,Normal,Medium,No,3.5
SHP100645,2025-01-27,West,Road,Fragile,59.08,441,9.12,9.84,0.72,455.95,413.56,27.38,924.47,Normal,Low,No,3.6
SHP100646,2025-01-27,East,Road,Express,50.71,934,18.27,18.07,-0.2,828.85,152.13,95.11,1059.32,Normal,Medium,Yes,5.0
SHP100647,2025-05-25,East,Road,Standard,37.91,272,6.28,8.53,2.25,180.45,113.73,16.71,276.32,Normal,High,No,4.2
SHP100648,2025-03-16,West,Sea,Standard,39.33,653,19.88,19.34,-0.54,218.3,117.99,27.88,223.5,Normal,Medium,Yes,5.0
SHP100649,2025-07-06,South,Rail,Standard,50.46,1393,16.17,16.15,-0.02,808.34,151.38,75.8,1002.43,Normal,Low,Yes,4.9
SHP100650,2025-01-10,North,Road,Standard,16.55,508,10.59,12.3,1.71,147.13,49.65,15.26,199.02,Normal,High,No,4.4
SHP100651,2025-05-01,East,Air,Express,79.91,436,1.18,4.1,2.92,1672.36,239.73,161.61,2071.63,Adverse,Medium,No,3.6
SHP100652,2025-10-16,East,Air,Standard,33.51,969,1.39,1.02,-0.37,1558.62,100.53,184.78,1834.45,Normal,Low,Yes,5.0
SHP100653,2025-06-14,West,Air,Standard,45.76,711,1.64,1.82,0.18,1561.7,137.28,143.76,1940.77,Normal,Medium,Yes,5.0
SHP100654,2025-09-21,South,Sea,Express,116.99,979,29.33,29.37,0.04,973.53,350.97,142.86,1484.56,Normal,Medium,Yes,4.6
SHP100655,2025-06-10,North,Road,Bulk,80.65,664,13.14,13.63,0.49,937.15,322.6,135.19,1351.62,Normal,Low,Yes,4.7
SHP100656,2025-11-23,South,Air,Express,26.49,175,1.0,1.47,0.47,222.52,79.47,30.33,355.26,Normal,Low,Yes,4.7
SHP100657,2025-10-24,South,Road,Standard,8.57,1244,24.2,25.07,0.87,186.57,25.71,26.65,252.63,Normal,Low,No,5.0
SHP100658,2025-04-28,East,Air,Standard,69.85,2029,3.47,5.27,1.8,6802.83,209.55,683.16,7658.79,Normal,High,No,3.8
SHP100659,2025-11-07,East,Air,Bulk,46.78,1317,2.72,2.62,-0.1,2957.24,187.12,320.21,3474.68,Normal,Low,Yes,5.0
SHP100660,2025-09-20,South,Air,Standard,59.27,93,1.0,2.05,1.05,264.58,177.81,33.55,494.49,Normal,Medium,No,3.9
SHP100661,2025-03-25,West,Rail,Standard,79.21,833,10.09,11.36,1.27,758.79,237.63,93.07,1125.35,Normal,High,No,5.0
SHP100662,2025-05-26,East,Road,Express,85.96,503,10.21,12.35,2.14,756.66,257.88,106.05,1058.45,Adverse,Low,No,4.4
SHP100663,2025-06-20,North,Road,Express,41.8,358,7.78,9.62,1.84,261.88,125.4,32.6,442.56,Normal,High,No,4.1
SHP100664,2025-11-30,North,Sea,Express,50.0,695,21.28,24.99,3.71,295.38,150.0,44.25,538.97,Adverse,High,No,3.7
SHP100665,2025-11-05,North,Sea,Standard,65.51,599,18.28,19.2,0.92,333.54,196.53,30.47,626.62,Normal,High,No,4.4
SHP100666,2025-01-14,North,Road,Standard,67.84,860,16.61,16.17,-0.44,1020.99,203.52,137.8,1319.4,Normal,Low,Yes,4.8
SHP100667,2025-05-29,North,Road,Bulk,58.96,671,12.99,14.85,1.86,692.34,235.84,85.01,1008.08,Adverse,Medium,No,4.9
SHP100668,2025-09-08,North,Road,Standard,110.08,351,7.26,10.26,3.0,676.17,330.24,82.64,1087.33,Adverse,Medium,No,3.4
SHP100669,2025-02-26,South,Air,Fragile,67.43,473,1.25,3.2,1.95,1530.93,472.01,136.75,2163.33,Normal,High,No,4.4
SHP100670,2025-12-13,North,Air,Fragile,78.59,433,1.0,2.7,1.7,1633.41,550.13,213.49,2391.28,Normal,Low,No,4.7
SHP100671,2025-10-29,West,Road,Express,61.69,253,5.86,6.81,0.95,273.13,185.07,38.52,471.68,Normal,Medium,No,4.9
SHP100672,2025-12-13,North,Road,Standard,29.35,306,7.22,7.46,0.24,157.17,88.05,12.52,265.34,Normal,Medium,Yes,5.0
SHP100673,2025-05-13,East,Air,Standard,36.7,579,1.22,1.67,0.45,1019.97,110.1,118.62,1236.87,Normal,Low,Yes,5.0
SHP100674,2025-06-19,South,Air,Express,25.84,1422,2.75,2.8,0.05,1763.74,77.52,168.07,2029.0,Normal,Medium,Yes,5.0
SHP100675,2025-04-12,West,Road,Bulk,91.12,484,10.01,13.68,3.67,771.79,364.48,115.04,1222.97,Adverse,High,No,3.5
SHP100676,2025-04-16,North,Rail,Bulk,20.51,429,6.26,6.1,-0.16,101.19,82.04,10.43,157.88,Normal,Medium,Yes,5.0
SHP100677,2025-06-20,South,Road,Standard,48.87,339,6.61,6.96,0.35,289.92,146.61,23.35,505.92,Normal,Medium,Yes,4.2
SHP100678,2025-05-08,West,Road,Standard,43.1,661,13.04,15.04,2.0,498.56,129.3,47.05,754.45,Normal,High,No,4.2
SHP100679,2025-09-07,West,Rail,Bulk,42.47,1243,14.77,16.08,1.31,607.09,169.88,72.15,912.9,Normal,Medium,No,4.9
SHP100680,2025-02-01,West,Rail,Fragile,44.57,1956,22.35,23.95,1.6,1002.56,311.99,67.02,1379.05,Normal,Medium,No,3.8
SHP100681,2025-08-04,South,Air,Bulk,121.18,760,1.71,2.64,0.93,4420.65,484.72,505.39,5447.68,Normal,Medium,No,4.5
SHP100682,2025-09-19,North,Rail,Standard,15.88,702,8.58,9.11,0.53,128.2,47.64,18.44,170.26,Normal,Medium,No,5.0
SHP100683,2025-11-26,East,Air,Express,102.78,482,1.36,3.0,1.64,2377.92,308.34,324.66,3028.71,Adverse,Medium,No,4.9
SHP100684,2025-09-01,West,Road,Fragile,46.7,528,10.52,12.26,1.74,431.51,326.9,28.52,766.49,Normal,High,No,3.7
SHP100685,2025-10-12,East,Road,Fragile,82.96,919,17.95,19.2,1.25,1334.2,580.72,199.34,2158.24,Normal,Medium,No,4.8
SHP100686,2025-10-17,East,Road,Standard,55.38,547,11.26,10.76,-0.5,530.13,166.14,65.14,800.73,Normal,Medium,Yes,5.0
SHP100687,2025-09-20,South,Road,Standard,27.41,594,12.03,11.2,-0.83,284.93,82.23,21.26,461.07,Adverse,Low,Yes,5.0
SHP100688,2025-12-03,West,Air,Express,108.03,641,1.42,2.32,0.9,3323.87,324.09,203.15,3843.08,Normal,Low,No,4.2
SHP100689,2025-11-29,North,Sea,Standard,99.21,470,15.23,15.67,0.44,396.34,297.63,29.89,779.13,Normal,Medium,Yes,4.5
SHP100690,2025-11-10,South,Road,Express,28.61,624,12.13,12.3,0.17,312.42,85.83,42.31,458.29,Normal,Low,Yes,5.0
SHP100691,2025-03-26,South,Road,Bulk,72.72,214,5.12,5.86,0.74,272.34,290.88,16.87,582.73,Normal,Low,No,4.6
SHP100692,2025-11-25,East,Air,Standard,37.66,879,1.45,1.06,-0.39,1588.95,112.98,128.68,1842.4,Normal,Medium,Yes,5.0
SHP100693,2025-02-14,North,Road,Bulk,21.03,2370,44.48,44.46,-0.02,872.22,84.12,111.78,1127.55,Normal,Low,Yes,4.5
SHP100694,2025-10-30,North,Rail,Standard,33.55,480,5.92,8.58,2.66,185.2,100.65,20.88,302.11,Adverse,Low,No,4.1
SHP100695,2025-11-29,East,Air,Fragile,104.67,798,1.01,1.72,0.71,4009.28,732.69,523.0,5262.13,Normal,Medium,No,4.9
SHP100696,2025-07-19,South,Rail,Bulk,84.04,1038,12.53,13.02,0.49,1003.19,336.16,127.56,1394.6,Normal,Medium,Yes,4.1
SHP100697,2025-07-20,East,Road,Standard,44.86,1314,25.02,25.68,0.66,1031.56,134.58,66.59,1227.58,Normal,High,No,5.0
SHP100698,2025-11-25,North,Road,Standard,104.94,562,11.51,11.32,-0.19,1032.08,314.82,144.83,1500.99,Normal,Medium,Yes,5.0
SHP100699,2025-06-17,South,Air,Express,95.18,241,1.13,2.41,1.28,1101.04,285.54,88.56,1448.46,Normal,Medium,No,4.8
SHP100700,2025-08-28,East,Rail,Standard,33.58,753,9.26,8.48,-0.78,290.79,100.74,31.93,388.18,Normal,High,Yes,5.0
SHP100701,2025-10-13,North,Road,Fragile,118.6,698,13.93,15.46,1.53,1448.7,830.2,170.93,2385.03,Normal,High,No,4.7
SHP100702,2025-07-09,South,Air,Bulk,42.86,537,1.21,1.69,0.48,1104.76,171.44,83.05,1338.79,Normal,Low,Yes,4.7
SHP100703,2025-03-12,North,Road,Express,46.21,604,11.89,14.93,3.04,488.44,138.63,72.22,749.03,Adverse,Low,No,4.0
SHP100704,2025-05-25,North,Air,Standard,16.12,703,1.43,1.0,-0.43,543.95,48.36,56.54,596.98,Normal,Medium,Yes,4.4
SHP100705,2025-12-25,West,Road,Express,37.26,793,16.11,15.47,-0.64,517.08,111.78,33.71,690.18,Normal,Medium,Yes,5.0
SHP100706,2025-07-28,South,Sea,Fragile,49.08,775,23.55,24.76,1.21,323.31,343.56,46.67,744.32,Normal,High,No,5.0
SHP100707,2025-12-26,West,Road,Standard,62.62,577,11.65,12.61,0.96,632.31,187.86,71.3,977.32,Normal,Medium,No,4.3
SHP100708,2025-07-27,South,Road,Express,27.46,803,16.11,16.61,0.5,385.88,82.38,47.44,552.04,Normal,Medium,Yes,5.0
SHP100709,2025-08-10,East,Road,Express,34.47,556,10.92,10.97,0.05,335.39,103.41,35.98,508.19,Normal,High,Yes,5.0
SHP100710,2025-10-14,West,Road,Express,120.0,925,18.17,19.86,1.69,1942.5,360.0,262.48,2577.85,Adverse,Medium,No,4.5
SHP100711,2025-06-12,East,Air,Standard,91.84,460,1.0,2.24,1.24,2027.83,275.52,127.72,2431.09,Normal,Low,No,4.9
SHP100712,2025-12-31,South,Sea,Fragile,100.93,677,20.94,24.9,3.96,580.8,706.51,48.88,1366.02,Adverse,High,No,2.5
SHP100713,2025-03-13,South,Road,Standard,51.37,266,6.03,8.58,2.55,239.13,154.11,24.46,461.4,Adverse,Low,No,3.4
SHP100714,2025-08-28,South,Road,Standard,63.63,530,10.99,11.57,0.58,590.17,190.89,39.48,826.5,Normal,Medium,No,5.0
SHP100715,2025-05-07,West,Air,Bulk,73.59,888,1.51,3.34,1.83,3136.7,294.36,387.48,3863.76,Normal,High,No,4.6
SHP100716,2025-03-26,West,Sea,Fragile,119.06,368,11.88,14.31,2.43,372.42,833.42,35.54,1342.29,Adverse,Medium,No,4.1
SHP100717,2025-01-15,West,Rail,Standard,20.77,545,7.02,9.08,2.06,130.18,62.31,11.01,205.97,Adverse,Medium,No,4.0
SHP100718,2025-09-05,North,Road,Standard,39.4,173,4.22,4.48,0.26,119.28,118.2,7.19,248.14,Normal,Medium,Yes,5.0
SHP100719,2025-11-08,West,Road,Standard,60.52,306,6.95,6.96,0.01,324.08,181.56,40.44,542.86,Normal,Medium,Yes,5.0
SHP100720,2025-10-10,West,Rail,Standard,55.58,354,4.79,5.74,0.95,226.27,166.74,30.56,428.24,Normal,Medium,No,4.5
SHP100721,2025-01-02,North,Road,Standard,34.22,687,13.58,15.38,1.8,411.41,102.66,39.31,596.19,Adverse,Medium,No,4.5
SHP100722,2025-03-15,North,Rail,Standard,70.2,781,9.4,9.51,0.11,630.5,210.6,69.85,913.99,Normal,Medium,Yes,5.0
SHP100723,2025-03-05,West,Road,Express,40.29,630,12.66,12.05,-0.61,444.2,120.87,35.75,607.44,Normal,Medium,Yes,5.0
SHP100724,2025-09-18,East,Air,Fragile,53.38,527,1.16,2.16,1.0,1350.3,373.66,156.63,1871.85,Normal,Low,No,4.3
SHP100725,2025-12-13,West,Road,Express,68.53,528,10.98,12.13,1.15,633.22,205.59,38.68,894.61,Normal,Medium,No,5.0
SHP100726,2025-11-20,North,Rail,Fragile,41.37,964,11.42,13.03,1.61,458.63,289.59,47.69,778.29,Normal,High,No,4.5
SHP100727,2025-08-27,West,Road,Standard,80.32,731,14.35,15.4,1.05,1027.49,240.96,121.22,1346.76,Normal,Medium,No,4.2
SHP100728,2025-12-03,North,Rail,Bulk,88.22,541,7.04,9.06,2.02,548.86,352.88,78.29,995.7,Adverse,Medium,No,4.0
SHP100729,2025-12-07,North,Road,Bulk,34.97,1324,25.17,23.85,-1.32,810.25,139.88,76.42,1095.84,Normal,Medium,Yes,5.0
SHP100730,2025-10-06,North,Rail,Fragile,40.13,1900,21.78,22.84,1.06,876.84,280.91,113.0,1260.6,Normal,Medium,No,5.0
SHP100731,2025-12-19,West,Rail,Bulk,29.83,328,3.82,4.38,0.56,112.52,119.32,12.8,208.2,Normal,Medium,No,4.6
SHP100732,2025-07-20,East,Rail,Bulk,52.73,866,10.16,11.74,1.58,525.14,210.92,75.32,878.43,Normal,High,No,4.2
SHP100733,2025-10-20,East,Rail,Express,62.6,3000,33.92,34.12,0.2,2159.7,187.8,207.02,2556.11,Normal,Low,Yes,5.0
SHP100734,2025-10-13,South,Rail,Standard,43.61,758,9.09,9.74,0.65,380.15,130.83,33.73,577.76,Normal,High,No,4.0
SHP100735,2025-08-09,West,Air,Express,61.66,693,1.29,2.47,1.18,2051.06,184.98,286.83,2497.35,Normal,Low,No,4.5
SHP100736,2025-06-11,South,Road,Fragile,39.53,630,12.9,13.55,0.65,435.82,276.71,28.08,740.95,Normal,Low,No,4.7
SHP100737,2025-07-02,West,Air,Fragile,40.26,851,1.52,3.26,1.74,1644.54,281.82,118.86,2094.24,Normal,High,No,4.1
SHP100738,2025-09-22,South,Road,Express,64.36,985,18.93,19.53,0.6,1109.41,193.08,74.79,1381.85,Normal,Low,No,4.5
SHP100739,2025-05-12,South,Road,Standard,41.77,328,7.2,7.61,0.41,239.76,125.31,32.58,402.66,Normal,Medium,Yes,4.5
SHP100740,2025-11-18,South,Road,Standard,51.17,641,12.58,15.83,3.25,574.0,153.51,34.99,710.4,Normal,High,No,3.7
SHP100741,2025-04-30,South,Road,Bulk,65.6,187,4.99,6.32,1.33,214.68,262.4,29.53,534.15,Normal,High,No,3.9
SHP100742,2025-08-07,West,Air,Express,61.17,579,1.49,2.97,1.48,1700.04,183.51,171.05,2027.09,Normal,High,No,4.4
SHP100743,2025-06-09,East,Air,Express,39.85,396,1.0,1.0,0.0,757.47,119.55,45.72,961.93,Normal,Low,Yes,4.8
SHP100744,2025-10-27,North,Air,Standard,93.02,783,1.86,2.96,1.1,3496.06,279.06,336.14,4118.35,Normal,Medium,No,4.3
SHP100745,2025-04-19,West,Road,Standard,20.12,261,6.25,6.5,0.25,91.9,60.36,7.06,169.51,Normal,Low,Yes,5.0
SHP100746,2025-08-26,South,Road,Bulk,7.76,490,9.82,10.25,0.43,66.54,31.04,7.73,132.35,Normal,Medium,Yes,4.6
SHP100747,2025-10-20,East,Road,Express,71.82,1106,21.02,21.52,0.5,1390.08,215.46,168.4,1787.07,Normal,High,Yes,5.0
SHP100748,2025-03-08,West,Road,Fragile,60.52,448,9.19,9.24,0.05,474.48,423.64,49.29,1007.55,Normal,Medium,Yes,4.9
SHP100749,2025-11-12,East,Road,Express,27.56,228,4.99,5.72,0.73,109.96,82.68,7.0,254.24,Normal,Medium,No,5.0
SHP100750,2025-07-06,North,Road,Express,56.32,749,14.62,13.91,-0.71,738.21,168.96,87.89,952.46,Normal,Medium,Yes,5.0
SHP100751,2025-02-05,West,Road,Standard,36.84,471,9.66,11.11,1.45,303.65,110.52,41.23,449.43,Normal,Medium,No,4.0
SHP100752,2025-02-18,East,Rail,Fragile,69.04,587,7.45,8.34,0.89,466.05,483.28,58.18,1036.79,Normal,High,No,3.9
SHP100753,2025-09-13,South,Air,Express,8.49,435,1.09,1.0,-0.09,177.27,25.47,23.88,193.63,Normal,Low,Yes,4.8
SHP100754,2025-04-17,North,Sea,Express,45.85,1925,56.46,56.15,-0.31,750.22,137.55,58.55,891.44,Normal,Medium,Yes,5.0
SHP100755,2025-01-08,West,Sea,Express,38.86,276,9.26,10.49,1.23,91.17,116.58,12.76,193.9,Normal,High,No,4.5
SHP100756,2025-08-24,East,Rail,Bulk,80.48,3000,33.81,34.53,0.72,2776.56,321.92,247.11,3341.56,Normal,Medium,No,5.0
SHP100757,2025-06-27,East,Road,Standard,16.47,524,10.88,11.24,0.36,151.03,49.41,9.24,100.0,Normal,Low,Yes,5.0
SHP100758,2025-08-30,West,Rail,Bulk,54.35,719,8.93,8.41,-0.52,449.39,217.4,61.07,688.88,Normal,Medium,Yes,5.0
SHP100759,2025-02-10,West,Air,Standard,71.35,474,1.0,1.0,0.0,1623.36,214.05,235.0,2010.16,Normal,Medium,Yes,4.6
SHP100760,2025-12-23,North,Road,Express,130.87,463,9.34,12.05,2.71,1060.37,392.61,126.18,1619.3,Adverse,Low,No,3.8
SHP100761,2025-09-02,South,Road,Standard,40.19,422,9.26,10.99,1.73,296.8,120.57,23.99,473.97,Normal,High,No,3.8
SHP100762,2025-04-23,North,Air,Standard,63.18,905,1.85,1.0,-0.85,2744.54,189.54,226.86,3170.68,Normal,Medium,Yes,5.0
SHP100763,2025-12-31,West,Road,Express,17.1,299,6.74,8.24,1.5,89.48,51.3,9.13,153.4,Normal,High,No,5.0
SHP100764,2025-09-13,North,Rail,Standard,52.84,794,9.73,10.1,0.37,482.48,158.52,67.94,728.01,Normal,High,Yes,4.3
SHP100765,2025-06-15,East,Rail,Express,96.64,195,2.67,2.6,-0.07,216.72,289.92,15.92,487.61,Normal,Medium,Yes,5.0
SHP100766,2025-12-08,West,Road,Bulk,131.55,756,15.32,15.44,0.12,1740.41,526.2,233.8,2544.26,Normal,Low,Yes,5.0
SHP100767,2025-03-19,West,Road,Standard,66.42,1037,19.95,21.6,1.65,1205.36,199.26,103.92,1511.8,Normal,Medium,No,3.9
SHP100768,2025-07-26,South,Road,Fragile,20.05,322,7.26,7.13,-0.13,112.98,140.35,15.0,300.45,Normal,Low,Yes,5.0
SHP100769,2025-11-07,West,Road,Standard,104.89,944,18.73,18.81,0.08,1732.78,314.67,247.48,2325.61,Normal,High,Yes,4.8
SHP100770,2025-07-15,North,Road,Express,20.16,669,13.38,13.74,0.36,236.02,60.48,23.24,338.44,Normal,Low,Yes,4.8
SHP100771,2025-11-17,West,Air,Standard,26.01,1566,2.51,3.52,1.01,1955.12,78.03,181.54,2225.64,Adverse,Low,No,4.4
SHP100772,2025-03-05,North,Road,Standard,109.64,406,7.96,9.33,1.37,778.99,328.92,102.98,1219.24,Normal,Medium,No,4.3
SHP100773,2025-05-20,South,Road,Standard,50.74,3000,55.74,55.46,-0.28,2663.85,152.22,286.77,3100.64,Normal,Low,Yes,5.0
SHP100774,2025-02-11,West,Road,Standard,37.66,175,4.44,5.41,0.97,115.33,112.98,14.02,259.24,Normal,Low,No,4.5
SHP100775,2025-11-02,North,Sea,Standard,76.61,542,16.84,17.25,0.41,352.94,229.83,40.96,630.95,Normal,Medium,Yes,4.5
SHP100776,2025-07-28,North,Road,Express,57.99,255,5.87,6.29,0.42,258.78,173.97,19.09,434.79,Normal,Low,Yes,4.8
SHP100777,2025-10-31,West,Road,Bulk,92.05,1799,34.02,35.62,1.6,2897.96,368.2,394.21,3681.72,Normal,Low,No,3.3
SHP100778,2025-03-14,West,Air,Fragile,59.46,563,1.51,2.48,0.97,1606.85,416.22,124.72,2157.61,Normal,Medium,No,4.2
SHP100779,2025-06-02,East,Air,Fragile,60.21,591,1.25,3.19,1.94,1708.04,421.47,245.8,2417.65,Normal,Medium,No,4.7
SHP100780,2025-05-15,East,Road,Standard,90.32,829,16.26,16.17,-0.09,1310.32,270.96,108.17,1626.08,Normal,Medium,Yes,5.0
SHP100781,2025-12-28,East,Air,Standard,50.35,648,1.35,1.93,0.58,1566.09,151.05,197.4,1915.81,Normal,Medium,No,4.5
SHP100782,2025-09-21,South,Road,Standard,31.35,469,9.74,8.98,-0.76,257.31,94.05,22.03,348.01,Normal,Medium,Yes,5.0
SHP100783,2025-08-04,South,Road,Standard,78.97,326,7.0,7.0,0.0,450.52,236.91,39.92,709.23,Normal,Medium,Yes,5.0
SHP100784,2025-07-28,North,Road,Express,44.92,713,14.03,14.38,0.35,560.49,134.76,49.27,764.11,Normal,High,Yes,5.0
SHP100785,2025-07-23,West,Road,Express,62.07,801,15.65,16.63,0.98,870.07,186.21,110.77,1116.78,Normal,Low,No,4.4
SHP100786,2025-04-20,East,Air,Standard,14.99,953,1.91,3.7,1.79,685.7,44.97,75.51,810.84,Normal,Medium,No,4.0
SHP100787,2025-01-31,South,Road,Standard,49.22,1861,34.82,35.74,0.92,1602.97,147.66,223.56,1975.26,Normal,High,No,4.5
SHP100788,2025-01-12,South,Road,Bulk,39.19,197,4.67,5.55,0.88,135.11,156.76,11.84,266.96,Normal,High,No,5.0
SHP100789,2025-05-07,West,Air,Fragile,14.72,626,1.82,1.47,-0.35,442.31,103.04,54.08,604.96,Normal,Low,Yes,5.0
SHP100790,2025-11-09,North,Air,Standard,50.08,1252,2.55,2.76,0.21,3009.61,150.24,384.52,3517.72,Normal,Low,Yes,5.0
SHP100791,2025-07-13,East,Road,Bulk,51.03,607,12.0,12.22,0.22,542.07,204.12,39.91,863.01,Normal,Medium,Yes,4.8
SHP100792,2025-05-20,East,Rail,Bulk,64.51,180,3.02,2.88,-0.14,133.54,258.04,12.83,446.47,Normal,Low,Yes,5.0
SHP100793,2025-01-27,East,Road,Standard,95.78,320,7.18,9.68,2.5,536.37,287.34,55.49,881.55,Normal,High,No,3.5
SHP100794,2025-02-15,North,Air,Standard,87.66,779,1.57,1.73,0.16,3277.78,262.98,301.59,3827.25,Normal,Medium,Yes,4.3
SHP100795,2025-05-15,West,Rail,Express,40.77,763,9.1,9.97,0.87,357.74,122.31,31.84,529.52,Normal,Medium,No,4.6
SHP100796,2025-11-13,West,Sea,Bulk,58.67,941,28.18,28.52,0.34,469.27,234.68,57.15,787.96,Normal,Low,Yes,5.0
SHP100797,2025-02-27,East,Road,Bulk,69.56,423,8.95,10.47,1.52,514.92,278.24,40.9,842.97,Adverse,Medium,No,4.1
SHP100798,2025-01-13,East,Road,Standard,41.43,750,14.62,13.54,-1.08,543.77,124.29,67.34,699.87,Normal,Medium,Yes,5.0
SHP100799,2025-04-10,West,Road,Standard,21.26,386,8.49,10.08,1.59,143.61,63.78,20.7,220.76,Normal,High,No,4.7
SHP100800,2025-02-18,East,Road,Express,47.13,750,15.18,16.54,1.36,618.58,141.39,68.58,831.28,Normal,Low,No,4.7
SHP100801,2025-10-18,North,Road,Express,97.92,669,13.35,14.65,1.3,1146.4,293.76,131.87,1582.19,Adverse,Low,No,4.1
SHP100802,2025-04-04,East,Sea,Standard,20.65,414,13.61,14.51,0.9,72.67,61.95,4.81,150.4,Normal,Medium,No,4.2
SHP100803,2025-04-05,East,Road,Bulk,29.48,1531,28.93,28.51,-0.42,789.84,117.92,108.84,1042.18,Normal,Low,Yes,5.0
SHP100804,2025-05-25,South,Road,Fragile,33.27,254,5.64,7.55,1.91,147.89,232.89,12.67,440.41,Normal,Medium,No,3.4
SHP100805,2025-03-13,West,Air,Bulk,29.68,601,1.6,3.9,2.3,856.21,118.72,98.77,1109.14,Normal,High,No,4.5
SHP100806,2025-01-10,West,Road,Bulk,76.79,409,9.03,9.17,0.14,549.62,307.16,81.41,958.86,Normal,Medium,Yes,5.0
SHP100807,2025-06-11,West,Air,Fragile,36.76,1783,3.63,5.97,2.34,3146.07,257.32,357.38,3716.75,Normal,High,No,2.9
SHP100808,2025-08-02,South,Road,Express,77.89,903,17.7,16.29,-1.41,1230.86,233.67,154.13,1660.18,Normal,Low,Yes,5.0
SHP100809,2025-01-04,North,Road,Express,54.32,455,9.69,10.27,0.58,432.52,162.96,43.29,667.43,Normal,Low,No,3.8
SHP100810,2025-08-12,West,Road,Standard,17.8,557,11.4,10.94,-0.46,173.51,53.4,11.35,229.31,Normal,Low,Yes,4.7
SHP100811,2025-01-29,West,Road,Fragile,41.95,1809,34.44,34.56,0.12,1328.03,293.65,175.01,1797.74,Normal,Medium,Yes,4.7
SHP100812,2025-10-29,North,Sea,Standard,89.05,386,12.64,14.16,1.52,292.17,267.15,18.45,580.07,Normal,High,No,3.7
SHP100813,2025-07-22,West,Road,Fragile,57.69,246,5.87,5.15,-0.72,248.36,403.83,30.56,667.42,Normal,Low,Yes,5.0
SHP100814,2025-03-18,West,Road,Standard,43.77,763,14.79,15.46,0.67,584.44,131.31,36.27,690.84,Normal,Medium,No,5.0
SHP100815,2025-02-28,East,Road,Standard,98.55,772,15.18,16.31,1.13,1331.41,295.65,183.21,1771.19,Adverse,Medium,No,5.0
SHP100816,2025-07-15,East,Road,Standard,27.8,938,18.46,18.58,0.12,456.34,83.4,33.85,541.86,Normal,High,Yes,4.9
SHP100817,2025-11-18,South,Sea,Standard,37.54,941,28.57,28.62,0.05,300.26,112.62,31.91,375.92,Normal,Low,Yes,5.0
SHP100818,2025-04-17,North,Road,Fragile,84.63,1721,32.72,33.28,0.56,2548.84,592.41,289.91,3392.2,Normal,Low,No,5.0
SHP100819,2025-12-08,South,Rail,Fragile,75.94,253,3.64,7.51,3.87,220.95,531.58,22.36,814.82,Adverse,Low,No,3.5
SHP100820,2025-01-09,West,Sea,Express,26.45,335,10.91,10.28,-0.63,75.32,79.35,6.83,178.5,Normal,Medium,Yes,5.0
SHP100821,2025-01-20,North,Rail,Standard,68.29,936,11.19,12.29,1.1,735.07,204.87,75.05,981.01,Normal,Low,No,4.1
SHP100822,2025-05-29,South,Sea,Standard,36.41,354,11.63,11.92,0.29,109.56,109.23,9.64,204.34,Normal,High,Yes,4.5
SHP100823,2025-01-17,South,Road,Standard,14.31,292,6.57,7.71,1.14,73.12,42.93,7.27,166.35,Normal,Medium,No,4.6
SHP100824,2025-01-12,East,Road,Standard,44.26,1814,33.94,35.22,1.28,1405.03,132.78,129.69,1709.66,Normal,Medium,No,4.6
SHP100825,2025-03-23,West,Road,Bulk,136.06,267,5.99,7.48,1.49,635.74,544.24,70.54,1252.97,Adverse,Medium,No,3.9
SHP100826,2025-03-08,South,Air,Standard,89.88,536,1.2,1.0,-0.2,2312.43,269.64,188.26,2811.45,Normal,Low,Yes,5.0
SHP100827,2025-05-13,South,Sea,Standard,51.62,629,18.91,18.09,-0.82,275.99,154.86,41.12,445.16,Normal,Medium,Yes,4.8
SHP100828,2025-02-22,West,Road,Standard,19.9,1335,25.68,25.32,-0.36,464.91,59.7,48.85,581.42,Normal,High,Yes,5.0
SHP100829,2025-07-25,South,Rail,Standard,14.58,233,3.43,6.11,2.68,39.07,43.74,3.03,100.0,Normal,High,No,3.1
SHP100830,2025-08-21,North,Road,Express,54.41,817,16.12,17.08,0.96,777.93,163.23,80.08,1008.48,Normal,High,No,5.0
SHP100831,2025-02-23,South,Rail,Express,65.89,398,5.09,5.41,0.32,301.58,197.67,41.61,541.84,Normal,High,Yes,4.7
SHP100832,2025-03-09,North,Road,Standard,77.27,918,18.04,17.13,-0.91,1241.34,231.81,76.92,1491.09,Normal,Low,Yes,5.0
SHP100833,2025-10-18,North,Sea,Standard,72.57,395,12.58,12.71,0.13,243.65,217.71,29.52,511.64,Normal,Low,Yes,4.4
SHP100834,2025-12-10,South,Rail,Standard,75.9,1543,17.78,17.46,-0.32,1346.81,227.7,147.23,1748.34,Normal,Low,Yes,4.6
SHP100835,2025-06-18,South,Road,Standard,61.6,396,8.56,7.42,-1.14,426.89,184.8,32.13,679.2,Normal,Medium,Yes,5.0
SHP100836,2025-06-10,West,Road,Standard,97.41,168,4.34,5.86,1.52,286.39,292.23,38.25,698.57,Adverse,Low,No,4.8
SHP100837,2025-01-15,South,Road,Bulk,39.15,421,8.54,9.51,0.97,288.44,156.6,26.88,486.5,Normal,Medium,No,5.0
SHP100838,2025-07-10,East,Road,Express,53.96,563,11.83,13.7,1.87,531.64,161.88,45.96,737.23,Normal,Medium,No,4.8
SHP100839,2025-01-15,East,Road,Express,17.84,1179,22.45,24.56,2.11,368.08,53.52,49.52,415.05,Normal,High,No,4.8
SHP100840,2025-10-14,North,Air,Standard,38.67,325,1.0,1.0,0.0,603.25,116.01,70.86,803.84,Normal,Medium,Yes,5.0
SHP100841,2025-12-29,East,Rail,Express,88.57,329,4.89,7.22,2.33,335.1,265.71,47.2,667.59,Normal,High,No,3.7
SHP100842,2025-01-10,North,Road,Express,74.6,1102,20.72,21.69,0.97,1438.66,223.8,167.88,1782.88,Normal,Low,No,4.6
SHP100843,2025-02-26,West,Road,Fragile,11.59,305,6.32,6.43,0.11,61.86,81.13,7.84,142.42,Normal,Low,Yes,3.9
SHP100844,2025-07-18,North,Air,Fragile,141.52,589,1.42,2.17,0.75,4001.05,990.64,541.26,5533.35,Normal,Medium,No,4.9
SHP100845,2025-06-10,South,Air,Standard,57.77,596,1.0,1.33,0.33,1652.68,173.31,107.3,1951.83,Normal,Low,Yes,4.9
SHP100846,2025-09-20,North,Road,Express,58.37,733,14.02,13.21,-0.81,748.74,175.11,97.22,1051.04,Normal,Low,Yes,5.0
SHP100847,2025-09-10,West,Air,Standard,37.27,430,1.36,1.57,0.21,769.25,111.81,88.64,950.93,Normal,Medium,Yes,4.6
SHP100848,2025-04-29,East,Road,Bulk,42.07,390,8.19,9.29,1.1,287.13,168.28,19.02,481.48,Normal,Low,No,4.7
SHP100849,2025-03-21,East,Road,Express,57.42,781,15.95,16.76,0.81,784.79,172.26,83.01,1060.14,Normal,Medium,No,4.2
SHP100850,2025-05-04,North,Road,Express,72.34,397,8.16,8.03,-0.13,502.58,217.02,33.88,747.12,Normal,Medium,Yes,5.0
SHP100851,2025-11-09,West,Road,Standard,63.18,308,6.72,7.94,1.22,340.54,189.54,42.99,558.32,Normal,Medium,No,3.7
SHP100852,2025-03-13,North,Road,Express,38.98,1277,24.55,25.19,0.64,871.11,116.94,95.11,1108.1,Normal,Medium,No,5.0
SHP100853,2025-06-17,West,Sea,Standard,31.09,850,25.9,26.51,0.61,224.63,93.27,32.76,344.43,Normal,Medium,No,5.0
SHP100854,2025-10-11,North,Air,Standard,29.87,1718,2.98,2.57,-0.41,2463.2,89.61,188.39,2699.3,Normal,Low,Yes,5.0
SHP100855,2025-02-05,North,Rail,Standard,92.26,1000,11.75,13.91,2.16,1060.99,276.78,121.53,1507.36,Adverse,Low,No,4.1
SHP100856,2025-11-08,North,Road,Fragile,86.39,324,7.15,7.63,0.48,489.83,604.73,38.72,1095.26,Normal,Medium,Yes,4.8
SHP100857,2025-06-24,South,Road,Standard,68.8,685,14.0,12.85,-1.15,824.74,206.4,95.06,1122.9,Normal,Medium,Yes,5.0
SHP100858,2025-07-18,East,Rail,Standard,91.91,372,5.12,5.3,0.18,393.19,275.73,49.16,729.35,Normal,Medium,Yes,5.0
SHP100859,2025-04-26,North,Road,Bulk,49.41,262,5.81,6.41,0.6,226.54,197.64,28.32,468.44,Normal,Medium,No,4.5
SHP100860,2025-11-11,West,Road,Standard,82.44,508,10.19,10.3,0.11,732.89,247.32,97.74,1083.88,Normal,Low,Yes,5.0
SHP100861,2025-08-08,South,Road,Express,70.72,1115,21.3,22.67,1.37,1379.92,212.16,188.8,1677.91,Normal,Medium,No,4.3
SHP100862,2025-03-07,East,Air,Standard,83.63,756,1.24,1.12,-0.12,3034.77,250.89,203.19,3464.26,Normal,Medium,Yes,5.0
SHP100863,2025-09-22,South,Road,Standard,28.13,302,6.73,6.84,0.11,148.67,84.39,13.51,256.94,Normal,Medium,Yes,4.9
SHP100864,2025-05-14,South,Road,Fragile,10.65,499,10.48,14.22,3.74,93.0,74.55,11.33,175.06,Adverse,Medium,No,3.4
SHP100865,2025-04-29,East,Air,Standard,61.12,601,1.31,1.11,-0.2,1763.19,183.36,184.91,2149.37,Normal,Medium,Yes,5.0
SHP100866,2025-05-02,North,Road,Express,43.41,257,6.3,6.82,0.52,195.24,130.23,15.06,376.28,Normal,Medium,No,5.0
SHP100867,2025-11-17,North,Road,Express,12.86,962,19.13,19.2,0.07,216.5,38.58,23.76,296.57,Normal,Medium,Yes,5.0
SHP100868,2025-03-28,West,Road,Express,100.17,573,11.7,11.51,-0.19,1004.45,300.51,97.1,1376.55,Normal,Low,Yes,5.0
SHP100869,2025-10-16,West,Road,Fragile,86.52,303,6.88,8.59,1.71,458.77,605.64,43.63,1089.2,Normal,Medium,No,4.3
SHP100870,2025-05-17,South,Air,Standard,64.05,293,1.0,1.0,0.0,900.8,192.15,119.7,1269.75,Normal,Low,Yes,4.6
SHP100871,2025-02-22,South,Road,Standard,32.21,1191,22.76,23.39,0.63,671.34,96.63,64.91,826.61,Normal,Low,No,4.2
SHP100872,2025-07-24,East,Road,Fragile,17.37,527,11.1,11.44,0.34,160.19,121.59,9.99,288.44,Normal,High,Yes,5.0
SHP100873,2025-12-14,South,Air,Express,12.76,1251,2.18,2.24,0.06,766.21,38.28,49.98,872.31,Normal,High,Yes,5.0
SHP100874,2025-02-20,North,Air,Bulk,38.51,1543,3.15,1.6,-1.55,2852.2,154.04,390.93,3440.48,Normal,Low,Yes,5.0
SHP100875,2025-11-23,North,Air,Bulk,76.5,1141,2.43,4.58,2.15,4189.75,306.0,613.61,5077.81,Adverse,Medium,No,3.4
SHP100876,2025-02-09,East,Road,Bulk,43.67,485,10.21,12.0,1.79,370.65,174.68,45.2,573.17,Normal,Low,No,3.5
SHP100877,2025-09-07,East,Road,Express,69.25,165,3.91,6.0,2.09,199.96,207.75,18.55,370.13,Adverse,Medium,No,4.4
SHP100878,2025-08-06,North,Sea,Standard,71.12,772,23.48,24.1,0.62,466.69,213.36,67.42,737.1,Normal,High,No,5.0
SHP100879,2025-06-28,North,Air,Fragile,75.9,2054,3.72,6.25,2.53,7483.13,531.3,895.37,8929.67,Normal,High,No,3.4
SHP100880,2025-02-08,North,Road,Express,15.61,637,12.54,13.68,1.14,174.01,46.83,23.66,231.76,Normal,Medium,No,5.0
SHP100881,2025-07-02,East,Road,Standard,33.92,218,5.12,4.54,-0.58,129.4,101.76,16.68,309.44,Normal,Medium,Yes,5.0
SHP100882,2025-08-12,North,Road,Bulk,68.56,448,9.53,12.23,2.7,537.51,274.24,50.59,866.41,Normal,Medium,No,4.4
SHP100883,2025-06-13,North,Sea,Bulk,111.8,588,18.16,19.08,0.92,558.78,447.2,57.6,1060.0,Normal,Medium,No,4.9
SHP100884,2025-08-22,West,Road,Express,95.34,355,7.44,8.96,1.52,592.3,286.02,45.46,911.46,Normal,High,No,3.9
SHP100885,2025-07-12,North,Road,Standard,62.26,159,3.64,5.24,1.6,173.24,186.78,14.95,327.37,Normal,High,No,4.1
SHP100886,2025-03-26,East,Road,Standard,100.73,616,12.3,13.1,0.8,1085.87,302.19,141.2,1526.09,Normal,Medium,No,4.2
SHP100887,2025-08-31,North,Rail,Fragile,62.0,422,5.68,6.28,0.6,300.89,434.0,42.26,789.69,Normal,Medium,No,4.1
SHP100888,2025-06-22,North,Air,Bulk,20.31,1723,2.83,4.82,1.99,1679.72,81.24,210.3,1967.13,Normal,Low,No,4.0
SHP100889,2025-02-06,North,Road,Standard,75.21,687,13.7,13.47,-0.23,904.21,225.63,92.11,1230.04,Normal,Low,Yes,4.6
SHP100890,2025-03-28,West,Air,Standard,97.1,842,1.64,3.61,1.97,3924.39,291.3,266.02,4458.24,Normal,High,No,4.0
SHP100891,2025-05-09,West,Sea,Bulk,130.46,609,18.73,20.77,2.04,675.33,521.84,43.98,1197.58,Adverse,Medium,No,5.0
SHP100892,2025-07-13,West,Road,Standard,37.89,684,13.85,13.73,-0.12,453.54,113.67,42.49,605.99,Normal,Medium,Yes,5.0
SHP100893,2025-11-15,South,Road,Express,26.4,262,6.37,8.29,1.92,121.04,79.2,12.32,220.28,Normal,Medium,No,3.9
SHP100894,2025-02-12,East,Road,Bulk,82.57,367,8.12,9.53,1.41,530.31,330.28,60.89,915.57,Normal,High,No,4.1
SHP100895,2025-12-22,North,Air,Standard,66.35,1183,2.05,2.02,-0.03,3767.62,199.05,228.26,4202.05,Normal,Low,Yes,4.8
SHP100896,2025-06-08,South,Rail,Express,63.14,729,9.4,10.83,1.43,529.33,189.42,78.91,824.85,Normal,High,No,5.0
SHP100897,2025-04-15,West,Rail,Standard,101.49,522,6.85,10.13,3.28,609.24,304.47,56.51,997.27,Normal,High,No,3.0
SHP100898,2025-08-17,North,Air,Standard,82.4,849,1.59,4.53,2.94,3357.96,247.2,457.79,4092.96,Normal,High,No,3.7
SHP100899,2025-08-05,North,Road,Fragile,69.75,859,16.62,18.75,2.13,1048.52,488.25,113.39,1685.35,Normal,Medium,No,4.3
SHP100900,2025-09-21,North,Sea,Express,40.68,1943,57.29,59.57,2.28,671.85,122.04,48.2,859.49,Normal,Low,No,4.5
SHP100901,2025-02-18,North,Road,Bulk,78.85,711,14.17,14.11,-0.06,981.09,315.4,129.29,1438.25,Normal,Medium,Yes,4.9
SHP100902,2025-12-18,North,Road,Express,25.75,362,7.57,8.49,0.92,163.13,77.25,20.21,328.59,Normal,Medium,No,4.2
SHP100903,2025-05-03,East,Rail,Standard,61.9,610,7.54,7.6,0.06,434.23,185.7,46.67,694.02,Normal,Low,Yes,5.0
SHP100904,2025-10-30,South,Air,Standard,52.01,908,1.7,2.7,1.0,2266.8,156.03,240.98,2634.24,Adverse,Medium,No,5.0
SHP100905,2025-01-25,West,Road,Standard,19.73,1124,21.43,22.2,0.77,388.09,59.19,26.34,408.41,Normal,Medium,No,4.5
SHP100906,2025-05-11,West,Air,Standard,66.46,267,1.06,1.87,0.81,851.75,199.38,101.38,1144.07,Normal,High,No,4.3
SHP100907,2025-08-12,South,Sea,Standard,37.94,747,23.04,24.27,1.23,240.9,113.82,34.21,410.8,Normal,Low,No,4.5
SHP100908,2025-04-09,South,Road,Standard,65.59,397,8.63,8.71,0.08,455.69,196.77,31.17,717.19,Normal,Medium,Yes,4.2
SHP100909,2025-12-18,South,Sea,Express,30.0,476,15.31,15.35,0.04,121.38,90.0,10.16,177.77,Normal,Medium,Yes,4.9
SHP100910,2025-10-17,East,Road,Fragile,82.84,1035,19.79,22.12,2.33,1500.44,579.88,211.87,2317.72,Normal,Medium,No,4.5
SHP100911,2025-07-16,South,Road,Express,121.11,980,18.87,20.02,1.15,2077.04,363.33,177.78,2657.86,Normal,High,No,4.9
SHP100912,2025-04-19,East,Road,Fragile,25.76,448,9.71,11.74,2.03,201.96,180.32,24.0,427.59,Normal,Medium,No,4.0
SHP100913,2025-12-14,South,Sea,Standard,29.97,596,18.56,20.1,1.54,151.83,89.91,16.42,272.71,Normal,High,No,5.0
SHP100914,2025-08-08,East,Rail,Standard,23.21,484,5.81,6.56,0.75,129.19,69.63,14.68,208.85,Normal,Medium,No,5.0
SHP100915,2025-09-21,South,Road,Express,46.98,3000,55.8,56.0,0.2,2466.45,140.94,240.28,2831.57,Normal,Medium,Yes,5.0
SHP100916,2025-07-27,South,Road,Express,65.04,758,15.15,15.55,0.4,862.76,195.12,75.06,1160.43,Normal,Low,Yes,4.2
SHP100917,2025-11-15,West,Rail,Standard,76.29,410,5.49,5.38,-0.11,359.71,228.87,23.15,632.15,Normal,Low,Yes,4.2
SHP100918,2025-03-23,West,Road,Fragile,61.24,1345,25.42,25.48,0.06,1441.44,428.68,183.04,2041.71,Normal,Low,Yes,5.0
SHP100919,2025-01-25,North,Sea,Fragile,75.05,1371,41.14,41.76,0.62,874.6,525.35,111.2,1600.12,Normal,Low,No,4.8
SHP100920,2025-07-05,West,Air,Express,50.99,1741,2.7,3.73,1.03,4261.13,152.97,512.89,4874.15,Normal,Low,No,5.0
SHP100921,2025-01-08,South,Road,Standard,37.68,2050,38.5,38.93,0.43,1351.77,113.04,159.41,1616.1,Normal,Low,Yes,4.2
SHP100922,2025-05-04,West,Sea,Fragile,30.42,959,29.33,31.95,2.62,247.97,212.94,20.32,454.23,Adverse,Low,No,3.7
SHP100923,2025-05-29,West,Road,Express,47.96,536,11.09,12.29,1.2,449.86,143.88,27.9,635.09,Normal,High,No,4.9
SHP100924,2025-04-08,South,Sea,Fragile,30.86,581,18.31,17.46,-0.85,152.4,216.02,20.24,320.45,Normal,Low,Yes,5.0
SHP100925,2025-08-04,North,Rail,Fragile,63.98,554,6.69,8.14,1.45,407.62,447.86,42.47,942.38,Adverse,Medium,No,4.8
SHP100926,2025-04-11,South,Rail,Fragile,31.15,521,6.68,7.15,0.47,186.64,218.05,16.35,456.23,Normal,Low,Yes,4.7
SHP100927,2025-08-06,East,Road,Express,40.04,1286,24.57,24.86,0.29,901.1,120.12,62.33,1092.91,Normal,High,Yes,4.9
SHP100928,2025-09-16,East,Sea,Standard,92.01,650,19.79,20.57,0.78,508.36,276.03,33.37,806.89,Normal,High,No,4.1
SHP100929,2025-12-22,South,Road,Fragile,96.72,1109,21.58,22.23,0.65,1877.09,677.04,171.56,2750.77,Normal,Medium,No,4.8
SHP100930,2025-01-11,North,Road,Express,95.1,943,18.14,18.12,-0.02,1569.39,285.3,207.83,2074.02,Normal,Medium,Yes,5.0
SHP100931,2025-02-28,West,Road,Fragile,51.46,355,7.48,9.33,1.85,319.7,360.22,45.62,758.85,Normal,Low,No,4.3
SHP100932,2025-09-07,West,Rail,Standard,38.56,253,3.72,4.88,1.16,112.19,115.68,15.79,239.37,Normal,High,No,4.1
SHP100933,2025-05-20,East,Road,Standard,69.28,329,7.15,9.1,1.95,398.88,207.84,56.96,657.33,Normal,High,No,4.8
SHP100934,2025-12-01,North,Air,Bulk,31.53,514,1.23,2.86,1.63,777.91,126.12,110.23,1051.97,Normal,High,No,3.9
SHP100935,2025-02-07,South,Sea,Fragile,78.3,700,21.45,24.56,3.11,465.88,548.1,50.06,1086.22,Adverse,Medium,No,4.4
SHP100936,2025-05-02,North,Road,Bulk,36.59,455,9.83,11.35,1.52,291.35,146.36,23.23,454.85,Normal,Medium,No,3.7
SHP100937,2025-03-06,West,Air,Fragile,46.85,957,1.64,3.07,1.43,2152.1,327.95,283.7,2776.62,Normal,High,No,4.5
SHP100938,2025-05-26,North,Road,Express,79.23,486,9.92,11.49,1.57,673.85,237.69,53.39,971.4,Normal,Low,No,5.0
SHP100939,2025-10-29,East,Air,Express,16.9,749,1.67,3.13,1.46,607.59,50.7,51.07,725.71,Adverse,Medium,No,4.0
SHP100940,2025-05-05,South,Air,Bulk,37.49,693,1.22,1.68,0.46,1247.07,149.96,101.0,1542.46,Normal,Low,Yes,4.8
SHP100941,2025-11-08,East,Road,Express,64.73,1687,31.61,33.11,1.5,1910.99,194.19,203.23,2296.17,Normal,High,No,4.8
SHP100942,2025-07-10,East,Air,Express,72.31,380,1.02,1.41,0.39,1318.93,216.93,117.34,1630.64,Normal,Low,Yes,3.8
SHP100943,2025-09-20,West,Road,Standard,66.11,2190,41.24,41.88,0.64,2533.67,198.33,187.17,2928.75,Normal,Low,No,5.0
SHP100944,2025-12-27,North,Road,Express,46.52,469,9.98,11.13,1.15,381.81,139.56,38.48,541.07,Adverse,Medium,No,4.4
SHP100945,2025-10-23,North,Air,Fragile,83.5,311,1.0,2.67,1.67,1246.49,584.5,172.83,1971.93,Normal,Medium,No,4.9
SHP100946,2025-07-01,North,Road,Standard,29.83,577,11.52,12.38,0.86,301.21,89.49,33.54,459.01,Normal,Medium,No,4.2
SHP100947,2025-06-08,West,Road,Standard,29.09,3000,55.81,57.26,1.45,1527.22,87.27,212.36,1816.8,Adverse,Low,No,3.7
SHP100948,2025-12-19,West,Road,Standard,64.38,1064,20.69,20.54,-0.15,1198.76,193.14,93.06,1419.57,Normal,Low,Yes,4.8
SHP100949,2025-11-04,East,Air,Standard,27.91,906,1.86,1.61,-0.25,1213.75,83.73,91.06,1418.2,Normal,Medium,Yes,4.9
SHP100950,2025-10-14,East,Road,Standard,123.33,1007,19.82,21.4,1.58,2173.38,369.99,242.99,2771.03,Normal,High,No,4.2
SHP100951,2025-06-11,East,Road,Express,38.1,426,8.69,10.97,2.28,284.04,114.3,28.89,447.45,Adverse,High,No,3.8
SHP100952,2025-09-20,North,Air,Bulk,82.67,778,1.42,2.31,0.89,3087.23,330.68,368.66,3824.49,Normal,Medium,No,3.7
SHP100953,2025-08-05,West,Air,Express,25.18,651,1.68,2.8,1.12,786.82,75.54,103.48,972.48,Normal,High,No,4.5
SHP100954,2025-06-30,South,Road,Standard,109.59,1758,32.8,32.13,-0.67,3371.54,328.77,430.27,4059.33,Normal,Medium,Yes,5.0
SHP100955,2025-04-01,South,Road,Standard,53.42,612,12.19,11.84,-0.35,572.13,160.26,82.85,746.51,Normal,Medium,Yes,5.0
SHP100956,2025-01-17,East,Road,Fragile,37.52,528,10.62,12.04,1.42,346.68,262.64,33.23,619.02,Normal,Medium,No,4.5
SHP100957,2025-05-05,North,Road,Standard,44.73,343,7.05,7.03,-0.02,268.49,134.19,21.1,421.79,Normal,Medium,Yes,5.0
SHP100958,2025-09-17,North,Road,Bulk,34.17,702,13.92,14.17,0.25,419.78,136.68,46.0,644.46,Normal,Medium,Yes,4.3
SHP100959,2025-12-21,West,Air,Express,46.78,764,1.76,1.55,-0.21,1715.52,140.34,120.03,1986.08,Normal,Medium,Yes,5.0
SHP100960,2025-08-02,North,Rail,Fragile,26.05,336,4.57,5.09,0.52,100.66,182.35,8.66,383.27,Normal,Medium,No,4.8
SHP100961,2025-08-27,East,Rail,Standard,38.2,834,10.27,11.58,1.31,366.38,114.6,28.84,457.61,Normal,Low,No,4.3
SHP100962,2025-06-29,North,Road,Fragile,81.83,739,14.93,14.73,-0.2,1058.27,572.81,101.27,1736.59,Normal,Low,Yes,4.4
SHP100963,2025-06-21,South,Air,Standard,59.42,1135,2.05,5.35,3.3,3237.2,178.26,226.63,3626.5,Adverse,Medium,No,4.1
SHP100964,2025-05-23,South,Road,Bulk,29.49,1266,24.88,24.92,0.04,653.35,117.96,41.07,820.6,Normal,Low,Yes,4.5
SHP100965,2025-11-13,South,Sea,Express,47.68,685,20.99,20.47,-0.52,277.62,143.04,33.07,515.03,Normal,Low,Yes,4.7
SHP100966,2025-09-01,East,Rail,Standard,97.3,368,4.84,5.55,0.71,411.77,291.9,47.32,814.52,Normal,Medium,No,4.7
SHP100967,2025-08-20,South,Road,Standard,40.72,412,8.51,8.95,0.44,293.59,122.16,36.33,453.99,Normal,Medium,Yes,4.7
SHP100968,2025-06-21,East,Rail,Standard,27.74,1713,19.97,20.21,0.24,546.46,83.22,65.27,725.1,Normal,Medium,Yes,5.0
SHP100969,2025-10-04,South,Road,Fragile,70.9,712,14.07,15.35,1.28,883.41,496.3,62.09,1449.35,Normal,Medium,No,4.8
SHP100970,2025-03-18,East,Rail,Standard,13.28,1698,19.65,20.88,1.23,259.32,39.84,22.35,283.88,Normal,High,No,4.8
SHP100971,2025-10-30,West,Road,Express,45.3,855,16.69,18.52,1.83,677.8,135.9,48.57,862.77,Adverse,High,No,4.2
SHP100972,2025-11-27,West,Road,Standard,101.84,984,19.03,20.98,1.95,1753.68,305.52,238.27,2279.79,Normal,High,No,4.4
SHP100973,2025-02-18,North,Air,Express,46.93,1089,2.11,1.35,-0.76,2453.12,140.79,312.09,2903.81,Normal,Medium,Yes,4.6
SHP100974,2025-09-05,North,Road,Fragile,86.17,332,7.12,7.49,0.37,500.65,603.19,39.12,1113.13,Normal,Medium,Yes,5.0
SHP100975,2025-10-10,South,Air,Fragile,27.52,770,1.48,3.53,2.05,1017.14,192.64,92.27,1307.48,Adverse,High,No,3.9
SHP100976,2025-10-14,East,Road,Fragile,45.92,329,7.45,7.3,-0.15,264.38,321.44,38.86,635.39,Normal,Low,Yes,5.0
SHP100977,2025-02-01,North,Rail,Standard,43.55,556,6.9,6.97,0.07,278.46,130.65,31.6,465.36,Normal,Low,Yes,5.0
SHP100978,2025-06-07,South,Rail,Standard,68.87,924,11.16,11.96,0.8,731.81,206.61,96.68,1045.94,Normal,Medium,No,4.6
SHP100979,2025-01-18,East,Road,Fragile,55.02,370,7.7,6.83,-0.87,356.25,385.14,29.86,828.46,Normal,Low,Yes,5.0
SHP100980,2025-03-04,South,Road,Standard,109.08,884,17.16,17.98,0.82,1687.47,327.24,133.15,2224.58,Normal,High,No,5.0
SHP100981,2025-05-08,West,Road,Express,39.46,285,6.07,6.21,0.14,196.81,118.38,25.69,326.72,Normal,Medium,Yes,3.9
SHP100982,2025-01-16,North,Road,Standard,54.66,1219,23.83,24.0,0.17,1166.03,163.98,141.94,1505.91,Normal,Medium,Yes,4.9
SHP100983,2025-06-12,North,Road,Standard,44.46,451,9.74,9.11,-0.63,350.9,133.38,42.56,600.85,Normal,Medium,Yes,5.0
SHP100984,2025-09-08,West,Rail,Standard,52.51,369,5.05,5.2,0.15,222.83,157.53,24.45,439.67,Normal,Medium,Yes,5.0
SHP100985,2025-05-17,South,Sea,Bulk,49.96,295,10.47,10.04,-0.43,125.27,199.84,13.87,364.09,Normal,Low,Yes,4.8
SHP100986,2025-11-14,East,Air,Standard,31.36,473,1.32,1.45,0.13,712.0,94.08,89.86,832.18,Normal,Medium,Yes,5.0
SHP100987,2025-10-22,South,Air,Express,79.45,228,1.0,1.0,0.0,869.5,238.35,73.3,1161.62,Normal,Medium,Yes,4.6
SHP100988,2025-06-28,North,Air,Standard,35.94,481,1.23,1.37,0.14,829.78,107.82,76.13,999.31,Normal,Medium,Yes,4.8
SHP100989,2025-08-17,West,Rail,Express,34.52,1190,14.36,14.18,-0.18,472.41,103.56,65.4,689.92,Normal,Medium,Yes,5.0
SHP100990,2025-06-29,West,Road,Standard,20.4,586,11.63,11.42,-0.21,209.2,61.2,18.37,263.2,Normal,Low,Yes,5.0
SHP100991,2025-03-13,East,Sea,Bulk,38.83,340,10.92,11.46,0.54,112.22,155.32,12.25,276.8,Normal,Low,No,5.0
SHP100992,2025-11-14,South,Rail,Bulk,35.67,736,9.08,9.34,0.26,301.91,142.68,37.21,511.21,Normal,Low,Yes,5.0
SHP100993,2025-03-24,East,Rail,Standard,14.77,701,8.44,11.08,2.64,119.07,44.31,17.86,154.09,Adverse,Medium,No,3.3
SHP100994,2025-05-16,South,Road,Bulk,46.67,1907,35.31,36.52,1.21,1557.49,186.68,154.47,1908.41,Normal,High,No,4.5
SHP100995,2025-08-06,North,Road,Bulk,106.5,1004,19.14,21.14,2.0,1871.2,426.0,184.37,2486.78,Normal,High,No,3.7
SHP100996,2025-04-19,West,Road,Bulk,22.6,769,15.1,16.7,1.6,304.14,90.4,41.31,466.55,Normal,Medium,No,4.1
SHP100997,2025-04-29,North,Air,Bulk,51.99,1069,2.06,2.98,0.92,2667.71,207.96,353.46,3252.19,Normal,Medium,No,4.2
SHP100998,2025-01-18,West,Road,Standard,46.06,604,12.2,12.58,0.38,486.85,138.18,61.24,708.23,Normal,Medium,Yes,5.0
SHP100999,2025-11-28,South,Road,Express,73.87,624,13.05,13.38,0.33,806.66,221.61,82.03,1117.33,Normal,Low,Yes,5.0
SHP101000,2025-06-03,North,Sea,Standard,76.79,1619,47.71,48.89,1.18,1056.75,230.37,94.21,1322.67,Adverse,Low,No,5.0
SHP101001,2025-01-11,East,Road,Standard,148.29,264,6.07,8.07,2.0,685.1,444.87,78.64,1213.5,Normal,High,No,3.6
SHP101002,2025-05-18,West,Road,Bulk,60.6,1107,20.92,23.15,2.23,1173.97,242.4,163.02,1581.33,Adverse,Medium,No,3.9
SHP101003,2025-03-03,West,Road,Standard,33.07,612,12.32,14.16,1.84,354.18,99.21,49.42,529.64,Normal,High,No,3.7
SHP101004,2025-03-12,West,Air,Fragile,38.22,554,1.34,2.48,1.14,1016.35,267.54,70.91,1339.99,Normal,Medium,No,4.0
SHP101005,2025-03-02,East,Sea,Fragile,40.44,480,14.87,16.24,1.37,165.0,283.08,16.26,465.8,Normal,Medium,No,4.1
SHP101006,2025-05-12,East,Road,Bulk,36.5,707,13.82,14.38,0.56,451.6,146.0,45.98,646.15,Normal,Low,No,4.9
SHP101007,2025-03-02,West,Air,Bulk,120.48,635,1.5,1.0,-0.5,3672.23,481.92,543.44,4672.65,Normal,Low,Yes,5.0
SHP101008,2025-12-24,North,Road,Standard,74.84,517,10.46,11.72,1.26,677.11,224.52,81.94,943.21,Normal,Medium,No,4.7
SHP101009,2025-09-26,South,Sea,Standard,19.24,442,14.1,13.16,-0.94,72.28,57.72,6.99,150.38,Normal,Medium,Yes,5.0
SHP101010,2025-01-12,North,Air,Standard,68.55,228,1.0,2.21,1.21,750.21,205.65,46.77,1037.9,Adverse,Low,No,4.1
SHP101011,2025-02-04,West,Air,Standard,28.19,437,1.58,1.79,0.21,591.31,84.57,65.57,719.58,Normal,Low,Yes,5.0
SHP101012,2025-02-20,West,Road,Standard,76.38,490,10.05,9.82,-0.23,654.96,229.14,44.96,921.44,Normal,Low,Yes,5.0
SHP101013,2025-02-12,North,Sea,Standard,93.39,706,22.11,24.25,2.14,560.43,280.17,75.71,945.35,Adverse,Medium,No,3.9
SHP101014,2025-08-16,East,Air,Fragile,46.52,1913,2.85,4.28,1.43,4271.65,325.64,545.6,5175.33,Normal,Medium,No,4.2
SHP101015,2025-04-21,West,Road,Express,37.97,463,9.66,8.61,-1.05,307.65,113.91,31.21,460.87,Normal,Low,Yes,5.0
SHP101016,2025-11-18,North,Air,Standard,110.52,370,1.0,2.13,1.13,1962.84,331.56,193.59,2502.48,Normal,Low,No,3.9
SHP101017,2025-01-15,East,Road,Express,35.24,439,9.05,9.11,0.06,270.73,105.72,38.11,433.18,Normal,Low,Yes,5.0
SHP101018,2025-06-26,West,Air,Standard,33.2,707,1.65,3.9,2.25,1126.68,99.6,96.85,1348.01,Normal,Medium,No,4.4
SHP101019,2025-06-11,North,Road,Standard,30.14,898,17.47,18.1,0.63,473.65,90.42,39.03,565.6,Normal,Low,No,4.3
SHP101020,2025-02-08,East,Air,Fragile,50.61,970,1.39,2.53,1.14,2356.4,354.27,340.57,3118.34,Normal,Medium,No,3.9
SHP101021,2025-01-26,South,Road,Express,60.51,1025,19.44,18.89,-0.55,1085.4,181.53,144.18,1420.69,Normal,Low,Yes,4.8
SHP101022,2025-04-22,West,Road,Fragile,86.74,1108,21.53,22.14,0.61,1681.89,607.18,225.13,2539.74,Normal,Low,No,4.8
SHP101023,2025-02-20,West,Road,Standard,70.21,558,10.94,12.26,1.32,685.6,210.63,53.18,922.75,Normal,High,No,3.8
SHP101024,2025-04-08,West,Road,Bulk,69.61,2011,37.95,39.82,1.87,2449.75,278.44,178.58,2900.26,Normal,Medium,No,4.7
SHP101025,2025-06-19,South,Road,Express,100.96,535,10.96,11.94,0.98,945.24,302.88,58.93,1320.24,Normal,Low,No,5.0
SHP101026,2025-02-25,West,Road,Express,29.33,690,13.7,15.26,1.56,354.16,87.99,28.81,407.8,Normal,High,No,4.5
SHP101027,2025-08-09,West,Rail,Express,21.82,1326,15.51,17.33,1.82,332.73,65.46,43.15,409.8,Normal,Medium,No,4.5
SHP101028,2025-11-21,South,Road,Bulk,72.05,888,17.47,17.36,-0.11,1119.66,288.2,91.37,1473.84,Normal,High,Yes,5.0
SHP101029,2025-05-26,West,Road,Express,49.32,190,4.36,5.13,0.77,163.99,147.96,20.6,287.8,Normal,Medium,No,4.9
SHP101030,2025-09-17,North,Air,Express,86.91,652,1.41,3.37,1.96,2719.94,260.73,224.86,3209.24,Adverse,Medium,No,3.5
SHP101031,2025-05-09,East,Road,Bulk,51.87,1044,19.9,21.84,1.94,947.66,207.48,90.57,1243.13,Normal,High,No,4.8
SHP101032,2025-02-19,North,Sea,Fragile,37.25,310,10.4,10.03,-0.37,98.15,260.75,14.57,423.31,Normal,Low,Yes,4.9
SHP101033,2025-12-06,North,Air,Express,72.61,982,2.07,3.58,1.51,3422.54,217.83,280.76,3881.91,Normal,Medium,No,4.3
SHP101034,2025-11-22,North,Rail,Fragile,55.43,806,9.8,11.51,1.71,513.78,388.01,48.23,958.24,Normal,Medium,No,5.0
SHP101035,2025-01-20,East,Rail,Standard,51.89,1247,14.81,15.08,0.27,744.13,155.67,64.81,933.81,Normal,Low,Yes,4.8
SHP101036,2025-06-23,South,Sea,Standard,162.99,444,14.01,14.08,0.07,615.12,488.97,42.98,1086.97,Normal,Low,Yes,5.0
SHP101037,2025-10-10,West,Road,Express,96.9,1124,21.62,23.21,1.59,1906.02,290.7,198.4,2415.69,Normal,Low,No,4.5
SHP101038,2025-01-26,North,Road,Bulk,77.54,710,14.05,15.96,1.91,963.43,310.16,90.64,1387.71,Adverse,Medium,No,3.5
SHP101039,2025-06-09,South,Road,Bulk,56.36,1717,32.34,32.85,0.51,1693.48,225.44,207.52,2145.76,Normal,Medium,No,4.3
SHP101040,2025-01-10,East,Air,Standard,53.77,3000,4.82,4.57,-0.25,7742.88,161.31,1034.32,8892.43,Normal,Medium,Yes,5.0
SHP101041,2025-03-23,West,Road,Express,44.62,1515,28.64,29.25,0.61,1182.99,133.86,128.92,1448.7,Normal,Low,No,5.0
SHP101042,2025-09-13,South,Rail,Standard,59.46,847,9.93,11.12,1.19,579.17,178.38,36.43,814.89,Normal,Medium,No,4.5
SHP101043,2025-04-15,East,Sea,Bulk,40.03,2330,67.65,70.46,2.81,792.79,160.12,91.73,1077.97,Adverse,High,No,3.5
SHP101044,2025-05-20,West,Air,Bulk,25.85,906,1.62,4.12,2.5,1124.16,103.4,73.05,1322.61,Adverse,Medium,No,4.0
SHP101045,2025-07-21,East,Road,Express,51.55,394,8.52,9.98,1.46,355.44,154.65,41.04,584.91,Normal,Medium,No,4.5
SHP101046,2025-12-10,North,Road,Fragile,62.07,636,12.82,15.61,2.79,690.84,434.49,84.04,1246.73,Adverse,Medium,No,3.8
SHP101047,2025-01-24,North,Air,Fragile,87.02,988,1.61,5.09,3.48,4126.84,609.14,321.06,5060.71,Normal,High,No,3.9
SHP101048,2025-02-15,West,Rail,Express,33.3,1024,12.08,12.68,0.6,392.14,99.9,52.45,561.93,Adverse,Medium,No,4.3
SHP101049,2025-08-05,North,Road,Standard,54.01,350,7.74,7.92,0.18,330.81,162.03,46.97,574.8,Normal,High,Yes,4.5
SHP101050,2025-02-24,West,Road,Express,69.92,356,7.56,7.04,-0.52,435.6,209.76,58.01,717.03,Normal,Medium,Yes,5.0
SHP101051,2025-03-19,East,Sea,Fragile,69.1,539,16.55,17.56,1.01,316.58,483.7,27.69,869.93,Normal,High,No,5.0
SHP101052,2025-06-08,West,Rail,Fragile,117.29,872,11.05,11.56,0.51,1176.18,821.03,132.67,2160.49,Normal,Low,No,5.0
SHP101053,2025-12-10,West,Air,Standard,45.1,936,1.8,1.43,-0.37,2026.25,135.3,288.4,2427.82,Normal,Low,Yes,5.0
SHP101054,2025-09-29,West,Air,Bulk,31.73,703,1.19,2.31,1.12,1070.7,126.92,95.14,1247.05,Normal,Low,No,4.5
SHP101055,2025-05-28,South,Rail,Standard,55.93,411,5.41,7.32,1.91,264.35,167.79,35.37,468.19,Normal,High,No,4.3
SHP101056,2025-02-07,West,Road,Express,46.39,1690,31.91,32.13,0.22,1371.98,139.17,83.49,1553.3,Normal,Medium,Yes,5.0
SHP101057,2025-04-21,South,Road,Fragile,42.01,360,7.36,10.54,3.18,264.66,294.07,15.97,577.61,Normal,Low,No,3.5
SHP101058,2025-01-15,South,Road,Fragile,38.93,1330,25.41,25.92,0.51,906.1,272.51,116.32,1294.67,Normal,Low,No,5.0
SHP101059,2025-03-19,East,Road,Express,62.2,976,19.19,20.31,1.12,1062.38,186.6,136.55,1431.06,Normal,High,No,5.0
SHP101060,2025-03-17,West,Air,Standard,35.98,1314,2.36,2.54,0.18,2269.33,107.94,297.3,2692.25,Normal,High,Yes,4.7
SHP101061,2025-11-24,West,Rail,Standard,77.5,509,5.94,6.28,0.34,453.65,232.5,65.19,785.56,Normal,Medium,Yes,4.1
SHP101062,2025-10-02,West,Sea,Express,75.58,601,18.76,19.4,0.64,386.1,226.74,27.26,622.97,Normal,Medium,No,4.7
SHP101063,2025-07-16,South,Road,Express,65.2,670,13.53,12.98,-0.55,764.47,195.6,61.83,1075.44,Normal,Medium,Yes,4.7
SHP101064,2025-08-07,South,Rail,Standard,29.3,500,6.21,6.21,0.0,168.48,87.9,23.81,311.46,Normal,Medium,Yes,5.0
SHP101065,2025-03-04,West,Rail,Fragile,60.72,736,8.83,10.99,2.16,513.93,425.04,39.03,992.97,Normal,High,No,3.5
SHP101066,2025-12-27,North,Rail,Express,90.06,1549,18.58,18.16,-0.42,1604.28,270.18,194.76,2006.0,Normal,Low,Yes,5.0
SHP101067,2025-02-01,North,Air,Express,80.43,319,1.0,1.0,0.0,1231.54,241.29,132.69,1646.78,Normal,Medium,Yes,5.0
SHP101068,2025-08-21,South,Road,Bulk,74.59,453,9.16,10.49,1.33,591.31,298.36,39.91,991.65,Normal,Medium,No,4.7
SHP101069,2025-04-20,South,Road,Standard,53.57,427,8.97,8.34,-0.63,400.3,160.71,34.3,595.7,Normal,Medium,Yes,5.0
SHP101070,2025-06-14,South,Road,Standard,52.29,617,12.56,12.09,-0.47,564.6,156.87,60.32,782.9,Normal,Medium,Yes,5.0
SHP101071,2025-07-13,North,Road,Fragile,97.73,603,12.3,13.54,1.24,1031.3,684.11,140.99,1838.31,Normal,Medium,No,4.7
SHP101072,2025-01-07,North,Road,Express,61.68,994,18.66,19.34,0.68,1072.92,185.04,132.7,1333.55,Normal,Low,No,5.0
SHP101073,2025-05-19,North,Rail,Fragile,62.09,662,7.99,9.33,1.34,472.69,434.63,54.82,942.47,Normal,Medium,No,4.3
SHP101074,2025-12-09,West,Sea,Bulk,188.07,768,23.73,23.85,0.12,1227.72,752.28,128.47,2166.55,Normal,Low,Yes,5.0
SHP101075,2025-10-14,South,Rail,Fragile,44.57,809,9.87,10.33,0.46,414.66,311.99,36.03,800.44,Normal,Low,Yes,4.3
SHP101076,2025-10-28,South,Air,Bulk,14.05,744,1.24,2.35,1.11,501.75,56.2,35.49,566.4,Normal,Low,No,4.5
SHP101077,2025-02-25,East,Road,Express,48.17,957,18.91,20.0,1.09,806.73,144.51,78.1,1009.1,Normal,Medium,No,5.0
SHP101078,2025-06-09,North,Rail,Express,49.71,608,7.8,8.24,0.44,347.57,149.13,21.75,593.18,Normal,Medium,Yes,5.0
SHP101079,2025-05-29,West,Road,Standard,61.19,1608,30.36,30.54,0.18,1721.89,183.57,136.02,2005.77,Normal,Medium,Yes,4.9
SHP101080,2025-10-14,West,Road,Standard,68.76,2630,49.24,49.67,0.43,3164.68,206.28,313.06,3658.98,Normal,Medium,Yes,4.9
SHP101081,2025-09-14,North,Road,Express,15.48,959,19.14,18.96,-0.18,259.79,46.44,25.38,316.57,Normal,Medium,Yes,5.0
SHP101082,2025-05-19,South,Road,Standard,69.5,737,14.34,14.62,0.28,896.38,208.5,57.36,1114.7,Normal,Medium,Yes,5.0
SHP101083,2025-12-15,West,Road,Bulk,51.33,916,17.99,18.3,0.31,822.82,205.32,92.99,1102.32,Normal,Medium,Yes,4.7
SHP101084,2025-11-20,West,Road,Express,45.68,355,8.15,8.47,0.32,283.79,137.04,31.07,433.61,Normal,Medium,Yes,5.0
SHP101085,2025-10-19,South,Road,Express,19.71,718,14.42,14.46,0.04,247.66,59.13,16.6,291.81,Normal,Medium,Yes,5.0
SHP101086,2025-12-01,East,Sea,Standard,108.36,435,13.74,14.56,0.82,400.66,325.08,58.05,830.27,Normal,Medium,No,4.6
SHP101087,2025-07-06,North,Road,Standard,41.7,860,16.9,18.75,1.85,627.58,125.1,43.27,755.11,Normal,High,No,4.2
SHP101088,2025-11-19,West,Road,Standard,75.11,436,9.47,12.5,3.03,573.09,225.33,78.48,871.93,Adverse,High,No,3.8
SHP101089,2025-07-03,North,Road,Express,33.03,538,10.73,10.08,-0.65,310.98,99.09,18.67,398.04,Normal,Low,Yes,5.0
SHP101090,2025-11-03,West,Rail,Standard,62.61,232,3.37,3.94,0.57,167.04,187.83,23.29,370.81,Normal,Low,No,5.0
SHP101091,2025-09-19,East,Road,Express,46.08,341,7.34,7.89,0.55,274.98,138.24,16.99,397.89,Normal,Medium,No,5.0
SHP101092,2025-11-06,East,Road,Bulk,73.91,790,15.41,15.82,0.41,1021.81,295.64,131.0,1451.1,Normal,Medium,Yes,5.0
SHP101093,2025-12-10,East,Road,Bulk,45.24,403,8.59,9.99,1.4,319.06,180.96,29.53,540.8,Normal,Low,No,4.5
SHP101094,2025-05-25,North,Road,Express,32.19,1167,22.39,23.14,0.75,657.4,96.57,83.12,886.17,Normal,High,No,4.4
SHP101095,2025-09-18,North,Road,Standard,52.59,385,8.36,6.77,-1.59,354.33,157.77,34.07,525.57,Normal,Low,Yes,5.0
SHP101096,2025-01-02,North,Road,Bulk,51.18,834,16.65,17.58,0.93,746.97,204.72,49.59,1057.9,Normal,High,No,4.1
SHP101097,2025-11-10,North,Road,Bulk,60.45,427,8.65,10.64,1.99,451.71,241.8,58.31,723.57,Normal,Medium,No,4.4
SHP101098,2025-01-12,West,Road,Standard,85.58,804,15.84,17.86,2.02,1204.11,256.74,79.97,1532.49,Adverse,Medium,No,3.2
SHP101099,2025-09-18,South,Road,Fragile,28.27,279,6.26,6.55,0.29,138.03,197.89,19.74,417.42,Normal,Low,Yes,5.0
SHP101100,2025-12-28,North,Air,Standard,83.33,507,1.23,2.84,1.61,2027.92,249.99,130.98,2510.49,Adverse,Low,No,4.8
SHP101101,2025-06-18,West,Rail,Fragile,25.89,408,5.33,8.03,2.7,121.48,181.23,12.53,374.24,Adverse,Medium,No,2.5
SHP101102,2025-05-28,West,Road,Bulk,72.44,1057,20.17,20.4,0.23,1339.96,289.76,167.59,1789.49,Normal,Low,Yes,5.0
SHP101103,2025-07-19,West,Road,Standard,73.62,838,16.8,17.67,0.87,1079.64,220.86,102.99,1421.51,Normal,Medium,No,5.0
SHP101104,2025-11-08,West,Sea,Bulk,40.5,330,11.4,11.95,0.55,113.6,162.0,9.04,308.53,Normal,Medium,No,4.6
SHP101105,2025-03-11,North,Road,Express,33.97,581,11.9,12.38,0.48,345.39,101.91,44.32,503.71,Normal,Low,Yes,4.2
SHP101106,2025-11-08,South,Road,Bulk,32.98,425,9.08,9.52,0.44,245.29,131.92,32.03,373.97,Normal,Low,Yes,4.4
SHP101107,2025-02-23,West,Rail,Express,55.26,1096,13.01,13.89,0.88,696.5,165.78,99.63,970.12,Normal,High,No,4.3
SHP101108,2025-09-16,East,Road,Bulk,76.1,1308,25.22,25.73,0.51,1741.93,304.4,163.49,2192.11,Normal,Low,No,5.0
SHP101109,2025-12-17,North,Road,Standard,48.96,294,5.93,5.5,-0.43,251.9,146.88,26.59,391.48,Normal,Low,Yes,5.0
SHP101110,2025-01-28,West,Road,Standard,13.22,1024,19.82,19.12,-0.7,236.9,39.66,21.96,287.62,Normal,Medium,Yes,5.0
SHP101111,2025-12-29,North,Air,Standard,39.06,413,1.0,2.18,1.18,774.33,117.18,64.38,966.92,Normal,High,No,4.4
SHP101112,2025-04-30,North,Road,Bulk,38.31,566,11.53,11.2,-0.33,379.46,153.24,48.42,616.17,Normal,Medium,Yes,5.0
SHP101113,2025-05-13,East,Air,Fragile,68.51,662,1.69,2.87,1.18,2176.97,479.57,197.17,2844.82,Normal,Low,No,3.8
SHP101114,2025-03-31,East,Sea,Bulk,70.36,1765,51.93,52.6,0.67,1055.58,281.44,104.01,1438.27,Normal,Medium,No,4.2
SHP101115,2025-01-16,East,Road,Bulk,57.51,374,7.91,10.55,2.64,376.4,230.04,36.26,670.84,Normal,High,No,4.4
SHP101116,2025-10-14,North,Road,Standard,83.41,1029,19.56,20.5,0.94,1502.01,250.23,186.46,1941.17,Normal,High,No,4.5
SHP101117,2025-10-11,West,Road,Standard,86.64,341,7.37,7.75,0.38,517.02,259.92,73.73,864.03,Normal,Medium,Yes,5.0
SHP101118,2025-08-18,South,Road,Standard,40.33,329,7.35,6.57,-0.78,232.2,120.99,27.87,383.78,Normal,Medium,Yes,5.0
SHP101119,2025-05-17,North,Road,Standard,32.58,660,12.99,12.51,-0.48,376.3,97.74,38.55,519.68,Normal,Medium,Yes,5.0
SHP101120,2025-10-22,West,Sea,Standard,50.8,658,19.8,18.46,-1.34,284.12,152.4,36.97,435.73,Normal,Low,Yes,5.0
SHP101121,2025-08-15,West,Air,Express,57.45,137,1.18,2.44,1.26,377.79,172.35,44.46,598.88,Normal,Medium,No,5.0
SHP101122,2025-01-27,West,Rail,Standard,39.23,1230,14.55,15.6,1.05,554.91,117.69,36.32,758.9,Adverse,Medium,No,4.5
SHP101123,2025-11-28,West,Road,Standard,212.14,200,4.78,7.04,2.26,742.49,636.42,50.94,1435.77,Normal,High,No,4.1
SHP101124,2025-04-27,East,Air,Standard,105.11,600,1.67,1.0,-0.67,3027.17,315.33,191.96,3505.28,Normal,Low,Yes,5.0
SHP101125,2025-03-30,East,Sea,Standard,37.25,1349,40.08,41.32,1.24,427.13,111.75,43.19,633.74,Normal,Low,No,4.4
SHP101126,2025-04-17,North,Air,Bulk,28.93,2191,4.1,4.75,0.65,3042.51,115.72,408.69,3592.17,Normal,Medium,No,5.0
SHP101127,2025-08-09,South,Road,Fragile,35.63,532,11.18,12.55,1.37,331.72,249.41,29.25,637.24,Normal,Medium,No,4.3
SHP101128,2025-08-11,South,Rail,Bulk,87.44,296,3.77,4.42,0.65,297.65,349.76,28.15,701.47,Normal,High,No,5.0
SHP101129,2025-05-02,South,Road,Express,88.54,1322,25.35,26.29,0.94,2048.37,265.62,290.57,2565.14,Adverse,Low,No,4.8
SHP101130,2025-12-20,West,Road,Standard,105.77,1046,20.65,20.35,-0.3,1936.12,317.31,262.0,2538.1,Normal,Low,Yes,5.0
SHP101131,2025-02-02,South,Road,Fragile,32.05,497,9.99,10.13,0.14,278.75,224.35,33.41,584.98,Normal,Medium,Yes,5.0
SHP101132,2025-04-01,North,Rail,Standard,68.37,463,5.7,5.13,-0.57,364.04,205.11,30.58,582.92,Normal,Medium,Yes,4.2
SHP101133,2025-07-03,North,Rail,Standard,33.7,438,5.46,5.68,0.22,169.75,101.1,11.97,215.32,Normal,High,Yes,5.0
SHP101134,2025-09-15,East,Road,Standard,117.56,538,11.2,11.9,0.7,1106.83,352.68,68.01,1540.31,Normal,Medium,No,4.1
SHP101135,2025-01-13,North,Road,Standard,32.66,773,15.33,16.02,0.69,441.81,97.98,30.76,571.7,Normal,High,No,4.2
SHP101136,2025-01-24,West,Road,Standard,25.34,476,9.37,8.46,-0.91,211.08,76.02,18.22,251.16,Normal,Medium,Yes,5.0
SHP101137,2025-11-21,South,Road,Standard,28.02,510,10.56,11.26,0.7,250.08,84.06,27.42,382.75,Normal,Medium,No,3.9
SHP101138,2025-02-03,South,Road,Fragile,52.71,925,17.96,17.32,-0.64,853.24,368.97,56.11,1296.88,Normal,Medium,Yes,5.0
SHP101139,2025-09-04,East,Road,Standard,75.54,288,6.41,8.67,2.26,380.72,226.62,27.51,583.54,Normal,High,No,4.1
SHP101140,2025-12-09,West,Air,Standard,73.02,529,1.0,2.59,1.59,1854.12,219.06,141.46,2280.77,Normal,Low,No,4.1
SHP101141,2025-01-19,South,Road,Fragile,28.69,259,6.0,6.05,0.05,130.04,200.83,15.2,372.36,Normal,Medium,Yes,4.7
SHP101142,2025-01-30,East,Road,Standard,42.84,690,14.01,14.85,0.84,517.29,128.52,59.71,639.36,Normal,Low,No,4.3
SHP101143,2025-02-18,East,Road,Standard,39.83,224,5.11,6.74,1.63,156.13,119.49,17.11,321.39,Adverse,Medium,No,4.5
SHP101144,2025-06-29,South,Sea,Bulk,26.45,1060,31.37,31.67,0.3,238.31,105.8,19.67,391.43,Normal,Medium,Yes,4.1
SHP101145,2025-08-14,West,Rail,Standard,39.32,315,4.22,3.86,-0.36,142.44,117.96,13.3,323.23,Normal,Low,Yes,5.0
SHP101146,2025-03-19,West,Rail,Standard,103.44,245,3.71,5.43,1.72,291.44,310.32,20.02,599.95,Normal,High,No,3.5
SHP101147,2025-07-26,East,Road,Express,24.48,532,10.77,10.74,-0.03,227.91,73.44,18.32,348.83,Normal,Low,Yes,5.0
SHP101148,2025-02-04,West,Rail,Standard,59.49,1666,18.94,18.06,-0.88,1139.77,178.47,160.47,1470.43,Normal,High,Yes,5.0
SHP101149,2025-09-07,West,Road,Express,104.67,961,18.86,22.25,3.39,1760.29,314.01,260.83,2315.65,Adverse,High,No,3.7
SHP101150,2025-03-12,East,Rail,Fragile,101.91,226,3.66,4.71,1.05,264.86,713.37,31.33,979.29,Normal,Low,No,5.0
SHP101151,2025-12-30,West,Sea,Standard,120.39,311,10.39,10.75,0.36,318.25,361.17,45.36,658.17,Normal,Medium,Yes,5.0
SHP101152,2025-11-06,East,Rail,Express,62.54,523,6.21,5.64,-0.57,376.15,187.62,44.33,627.01,Normal,Low,Yes,4.8
SHP101153,2025-10-06,East,Air,Express,67.39,2226,3.75,3.6,-0.15,7200.49,202.17,453.54,7846.64,Normal,Low,Yes,5.0
SHP101154,2025-06-01,East,Air,Standard,39.72,388,1.03,2.45,1.42,739.75,119.16,110.75,874.1,Normal,Medium,No,4.9
SHP101155,2025-08-15,West,Road,Express,24.18,390,8.09,9.5,1.41,165.03,72.54,11.37,251.58,Normal,High,No,4.7
SHP101156,2025-08-31,North,Sea,Standard,48.91,1506,44.67,45.67,1.0,626.1,146.73,76.03,889.38,Adverse,Low,No,4.9
SHP101157,2025-01-10,West,Road,Express,92.98,724,14.14,13.54,-0.6,1178.06,278.94,97.49,1508.74,Normal,Medium,Yes,4.5
SHP101158,2025-11-13,West,Road,Standard,13.1,1160,22.3,22.42,0.12,265.93,39.3,25.34,305.63,Normal,Medium,Yes,5.0
SHP101159,2025-02-17,North,Road,Express,40.71,436,9.07,10.31,1.24,310.62,122.13,36.69,484.87,Normal,High,No,4.1
SHP101160,2025-04-22,West,Road,Standard,70.81,615,12.54,13.1,0.56,762.09,212.43,75.66,960.63,Normal,Low,No,5.0
SHP101161,2025-07-23,North,Road,Bulk,53.09,1340,25.56,26.9,1.34,1244.96,212.36,102.77,1541.41,Adverse,Medium,No,4.7
SHP101162,2025-06-06,South,Road,Standard,98.99,600,12.06,13.2,1.14,1039.4,296.97,93.65,1442.15,Normal,Medium,No,4.8
SHP101163,2025-12-09,West,Road,Standard,88.07,1206,22.93,22.41,-0.52,1858.72,264.21,168.66,2271.95,Normal,Medium,Yes,5.0
SHP101164,2025-01-26,North,Rail,Express,22.49,804,9.74,11.0,1.26,207.94,67.47,30.43,260.41,Normal,High,No,5.0
SHP101165,2025-11-04,West,Road,Fragile,55.48,367,7.81,9.63,1.82,356.32,388.36,46.99,747.92,Normal,High,No,4.4
SHP101166,2025-06-15,West,Road,Express,34.62,644,12.69,11.48,-1.21,390.17,103.86,39.51,477.12,Normal,Low,Yes,5.0
SHP101167,2025-09-06,East,Rail,Express,34.37,1115,13.23,13.59,0.36,440.71,103.11,34.37,556.03,Normal,Medium,Yes,4.4
SHP101168,2025-09-19,North,Road,Fragile,23.49,939,18.36,18.99,0.63,386.0,164.43,51.33,638.75,Normal,Medium,No,4.9
SHP101169,2025-09-21,South,Air,Bulk,60.41,636,1.29,3.12,1.83,1844.2,241.64,136.74,2305.24,Normal,Medium,No,5.0
SHP101170,2025-01-17,East,Rail,Standard,100.06,230,3.59,3.66,0.07,264.66,300.18,20.89,587.0,Normal,Medium,Yes,4.3
SHP101171,2025-03-17,West,Air,Express,63.26,242,1.0,2.3,1.3,734.83,189.78,68.3,1019.79,Adverse,Medium,No,4.7
SHP101172,2025-09-11,East,Rail,Bulk,22.65,272,3.5,3.22,-0.28,70.85,90.6,9.86,138.38,Normal,Medium,Yes,5.0
SHP101173,2025-07-25,South,Road,Bulk,51.5,491,10.46,12.15,1.69,442.51,206.0,31.8,607.11,Normal,High,No,5.0
SHP101174,2025-02-03,East,Rail,Bulk,69.36,528,6.86,6.83,-0.03,421.15,277.44,29.9,793.3,Normal,Low,Yes,5.0
SHP101175,2025-05-27,East,Road,Standard,49.46,289,6.71,7.29,0.58,250.14,148.38,26.13,403.82,Normal,High,No,4.7
SHP101176,2025-11-22,West,Road,Standard,62.67,1141,22.05,24.72,2.67,1251.36,188.01,106.21,1570.74,Normal,Medium,No,4.0
SHP101177,2025-12-04,North,Air,Express,36.19,324,1.0,1.12,0.12,562.83,108.57,62.58,739.52,Normal,Medium,Yes,4.8
SHP101178,2025-08-16,West,Road,Fragile,46.4,306,7.04,8.77,1.73,248.47,324.8,25.01,633.09,Normal,High,No,4.8
SHP101179,2025-04-28,East,Air,Express,44.85,682,1.46,2.58,1.12,1468.21,134.55,145.57,1781.72,Normal,Medium,No,3.8
SHP101180,2025-06-14,West,Air,Express,109.62,1111,2.2,1.99,-0.21,5845.82,328.86,409.66,6594.06,Normal,Medium,Yes,4.9
SHP101181,2025-02-07,South,Air,Bulk,29.04,2013,3.63,4.65,1.02,2805.96,116.16,203.98,3139.67,Normal,Medium,No,4.7
SHP101182,2025-12-24,East,Sea,Standard,14.09,895,27.56,28.37,0.81,107.19,42.27,14.35,206.25,Normal,Medium,No,5.0
SHP101183,2025-10-23,West,Road,Bulk,105.99,1550,29.25,30.95,1.7,2874.98,423.96,401.72,3686.32,Normal,High,No,4.2
SHP101184,2025-05-17,North,Road,Standard,56.49,334,7.14,10.18,3.04,330.18,169.47,26.79,580.89,Normal,High,No,3.3
SHP101185,2025-11-05,West,Rail,Standard,25.7,2132,24.28,23.64,-0.64,630.11,77.1,44.24,726.68,Normal,Low,Yes,5.0
SHP101186,2025-09-03,East,Road,Express,84.08,233,5.17,6.4,1.23,342.84,252.24,22.22,619.97,Normal,Low,No,4.3
SHP101187,2025-07-17,North,Rail,Fragile,71.59,493,6.01,7.49,1.48,405.88,501.13,46.57,975.6,Normal,Medium,No,4.2
SHP101188,2025-03-07,South,Air,Standard,118.92,885,1.3,3.33,2.03,5051.72,356.76,628.34,5979.81,Adverse,Low,No,3.9
SHP101189,2025-03-21,East,Rail,Standard,58.89,269,3.9,4.57,0.67,182.18,176.67,17.04,424.25,Normal,Medium,No,4.5
SHP101190,2025-02-21,North,Road,Bulk,163.23,390,8.79,10.59,1.8,1114.04,652.92,134.99,1918.61,Normal,Low,No,3.4
SHP101191,2025-05-09,East,Road,Standard,49.7,358,8.22,8.36,0.14,311.37,149.1,38.66,614.67,Normal,Medium,Yes,5.0
SHP101192,2025-01-01,South,Road,Express,71.66,548,10.95,11.35,0.4,687.22,214.98,99.08,1074.11,Normal,Low,Yes,5.0
SHP101193,2025-06-16,East,Road,Express,77.09,1421,26.97,28.41,1.44,1917.04,231.27,126.21,2274.14,Normal,Medium,No,5.0
SHP101194,2025-01-16,North,Sea,Express,214.96,656,20.55,20.5,-0.05,1198.62,644.88,92.66,1998.65,Normal,Medium,Yes,5.0
SHP101195,2025-05-25,West,Road,Express,41.59,504,10.47,11.67,1.2,366.82,124.77,24.27,545.52,Normal,Medium,No,4.8
SHP101196,2025-04-22,West,Road,Standard,40.87,133,3.65,6.43,2.78,95.12,122.61,13.14,238.96,Adverse,High,No,3.9
SHP101197,2025-04-12,West,Road,Express,77.92,840,16.41,16.62,0.21,1145.42,233.76,150.43,1471.54,Normal,High,Yes,4.1
SHP101198,2025-03-23,West,Rail,Standard,24.44,1004,12.25,11.49,-0.76,282.18,73.32,31.52,337.21,Normal,Medium,Yes,5.0
SHP101199,2025-04-09,North,Rail,Express,34.49,255,3.37,4.34,0.97,101.14,103.47,6.83,211.59,Adverse,Low,No,4.6
